"source_path","dest_path","sha256","size","mtime"
"C:\RH\OPS\DOWNLOADS\5_2_pro_vs_thinking_02-07-2026.md","C:\RH\OPS\PROJECTS\RH_MIGRATION_2026_V2\agent_assets\downloads\DOWNLOADS\5_2_pro_vs_thinking_02-07-2026.md","9819A898F97EB80877FBFA644D8768BD1558616DE5B0A4A14CFC708D756D7CF5","18232","2026-02-07T19:13:50-06:00"
"C:\RH\OPS\DOWNLOADS\added_temp_root.txt","C:\RH\OPS\PROJECTS\RH_MIGRATION_2026_V2\agent_assets\downloads\DOWNLOADS\added_temp_root.txt","876F1E4B91D612D4A61A93634B0CE67BB43A3974E810EB8F248A9EC4CF49E94C","157","2026-02-08T15:24:44-06:00"
"C:\RH\OPS\DOWNLOADS\legacy_sweep\2026\_INBOX\Downloads\phase6_download_test_20260207_191451.txt","C:\RH\OPS\PROJECTS\RH_MIGRATION_2026_V2\agent_assets\downloads\DOWNLOADS\legacy_sweep\2026\_INBOX\Downloads\phase6_download_test_20260207_191451.txt","450DAC2AA7C751DF86D1C7189918748E3F539236122E12483BB9A6B682FD30AB","22","2026-02-07T19:14:51-06:00"
"C:\RH\OPS\DOWNLOADS\legacy_sweep\2026\_INBOX\Downloads\RH_MIGRATION_COMPREHENSIVE_REPORT_02-07-2026.md","C:\RH\OPS\PROJECTS\RH_MIGRATION_2026_V2\agent_assets\downloads\DOWNLOADS\legacy_sweep\2026\_INBOX\Downloads\RH_MIGRATION_COMPREHENSIVE_REPORT_02-07-2026.md","CA77305B54363B479A6D4ECC5A918110058C15EF6AB0F9C99B6B9C78F1DEF339","18770","2026-02-07T17:56:32-06:00"
"C:\RH\OPS\DOWNLOADS\legacy_sweep\Users\Raylee\ARCHIVE\_INBOX_DUMPS\Downloads\2026-01\hash2026.txt","C:\RH\OPS\PROJECTS\RH_MIGRATION_2026_V2\agent_assets\downloads\DOWNLOADS\legacy_sweep\Users\Raylee\ARCHIVE\_INBOX_DUMPS\Downloads\2026-01\hash2026.txt","ADBDC1BC623F58A4AC6579F459BE9FB2C750659B55B22A6AF54AA4753DDE6649","449128","2026-01-07T01:46:23-06:00"
"C:\RH\OPS\DOWNLOADS\legacy_sweep\Users\Raylee\ARCHIVE\_INBOX_DUMPS\Downloads\2026-01\Untitled.txt","C:\RH\OPS\PROJECTS\RH_MIGRATION_2026_V2\agent_assets\downloads\DOWNLOADS\legacy_sweep\Users\Raylee\ARCHIVE\_INBOX_DUMPS\Downloads\2026-01\Untitled.txt","04F20D67D9FA51688A605EC6A54852934A6649246FB03D5F97FE91EBC65DF524","225619","2026-01-07T05:27:12-06:00"
"C:\RH\OPS\DOWNLOADS\legacy_sweep\Users\Raylee\ARCHIVE\SNAPSHOTS\2026\20260120_012839\ARCHIVE\_INBOX_DUMPS\Downloads\2026-01\hash2026.txt","C:\RH\OPS\PROJECTS\RH_MIGRATION_2026_V2\agent_assets\downloads\DOWNLOADS\legacy_sweep\Users\Raylee\ARCHIVE\SNAPSHOTS\2026\20260120_012839\ARCHIVE\_INBOX_DUMPS\Downloads\2026-01\hash2026.txt","ADBDC1BC623F58A4AC6579F459BE9FB2C750659B55B22A6AF54AA4753DDE6649","449128","2026-01-07T01:46:23-06:00"
"C:\RH\OPS\DOWNLOADS\legacy_sweep\Users\Raylee\ARCHIVE\SNAPSHOTS\2026\20260120_012839\ARCHIVE\_INBOX_DUMPS\Downloads\2026-01\Untitled.txt","C:\RH\OPS\PROJECTS\RH_MIGRATION_2026_V2\agent_assets\downloads\DOWNLOADS\legacy_sweep\Users\Raylee\ARCHIVE\SNAPSHOTS\2026\20260120_012839\ARCHIVE\_INBOX_DUMPS\Downloads\2026-01\Untitled.txt","04F20D67D9FA51688A605EC6A54852934A6649246FB03D5F97FE91EBC65DF524","225619","2026-01-07T05:27:12-06:00"
"C:\RH\OPS\DOWNLOADS\phase61_post_execute_download_test_20260207_200838.txt","C:\RH\OPS\PROJECTS\RH_MIGRATION_2026_V2\agent_assets\downloads\DOWNLOADS\phase61_post_execute_download_test_20260207_200838.txt","B46565F82AAB2B3E62C8F640F290B59DFB97EE58BB6A61F52100DD761A00562F","27","2026-02-07T20:08:38-06:00"
"C:\RH\OPS\DOWNLOADS\phase6b2_download_test_20260207_195534.txt","C:\RH\OPS\PROJECTS\RH_MIGRATION_2026_V2\agent_assets\downloads\DOWNLOADS\phase6b2_download_test_20260207_195534.txt","ACFD8EDB6950217569F18795430AF86D282F8C8C325F4E0EE0D489023F2E78EE","24","2026-02-07T19:55:34-06:00"
"C:\RH\OPS\DOWNLOADS\V2_RH_MIGRATE\canonical_project_tree_02-08-2026.md","C:\RH\OPS\PROJECTS\RH_MIGRATION_2026_V2\agent_assets\downloads\DOWNLOADS\V2_RH_MIGRATE\canonical_project_tree_02-08-2026.md","B973C9CDF515619155015457FF0066CBDAAC1C488AE82786A4814C3317DC716E","1221","2026-02-08T14:52:12-06:00"
"C:\RH\OPS\DOWNLOADS\V2_RH_MIGRATE\non_negotiables_02-08-2026.md","C:\RH\OPS\PROJECTS\RH_MIGRATION_2026_V2\agent_assets\downloads\DOWNLOADS\V2_RH_MIGRATE\non_negotiables_02-08-2026.md","6A639C25BFD29C96024A3B732FA6F4AD94ECD9EB91B99D8AFBCB77F8A03A8958","1035","2026-02-08T14:51:54-06:00"
"C:\RH\OPS\DOWNLOADS\V2_RH_MIGRATE\operator_playbook_02-08-2026.md","C:\RH\OPS\PROJECTS\RH_MIGRATION_2026_V2\agent_assets\downloads\DOWNLOADS\V2_RH_MIGRATE\operator_playbook_02-08-2026.md","9FE08D05CB2611DF113A0878518E460F61FECCB0A9F89A4DA0DA75E67B61A483","3985","2026-02-08T14:50:55-06:00"
"C:\RH\OPS\DOWNLOADS\V2_RH_MIGRATE\paste_template_02-08-2026.md","C:\RH\OPS\PROJECTS\RH_MIGRATION_2026_V2\agent_assets\downloads\DOWNLOADS\V2_RH_MIGRATE\paste_template_02-08-2026.md","3FAEBA7DFE98B906EAEA4925AD6A88E7C81FDF6014C34115C3FE78962E2BA894","713","2026-02-08T14:52:42-06:00"
"C:\RH\OPS\DOWNLOADS\V2_RH_MIGRATE\phase_gates_02-08-2026.md","C:\RH\OPS\PROJECTS\RH_MIGRATION_2026_V2\agent_assets\downloads\DOWNLOADS\V2_RH_MIGRATE\phase_gates_02-08-2026.md","8660FC2CA8993A6B7FC8390E4AC8C816C72F6ADDF7B9B52AC463BA9586C6AA7D","2752","2026-02-08T14:52:24-06:00"
"C:\RH\OPS\DOWNLOADS\V2_RH_MIGRATE\text.txt","C:\RH\OPS\PROJECTS\RH_MIGRATION_2026_V2\agent_assets\downloads\DOWNLOADS\V2_RH_MIGRATE\text.txt","D78E6A68B765E80A00D10F92199E6098D2272552FFFD9B50B1DD73B3C39B039C","51281","2026-02-09T00:04:51-06:00"
"C:\RH\OPS\RH_AI_MIGRATION_SUMMARY\1_thread_id_scope_02-07-2026.md","C:\RH\OPS\PROJECTS\RH_MIGRATION_2026_V2\agent_assets\notes\RH_AI_MIGRATION_SUMMARY\1_thread_id_scope_02-07-2026.md","2A8636877C726A5409AECE9AFC7E0D726F6CCF63838B1FA4B92C81812CB93DFE","10980","2026-02-07T17:44:32-06:00"
"C:\RH\OPS\RH_AI_MIGRATION_SUMMARY\2 SOC PORTFOLIO EXTRACTION.md","C:\RH\OPS\PROJECTS\RH_MIGRATION_2026_V2\agent_assets\notes\RH_AI_MIGRATION_SUMMARY\2 SOC PORTFOLIO EXTRACTION.md","CD80DBF2AF091712773F709B6A0CC7DC71F7A4724B1D61A36CE4FB1783C39B70","14297","2026-02-07T17:43:37-06:00"
"C:\RH\OPS\RH_AI_MIGRATION_SUMMARY\3 EXACT FILE PATH MIGRATION.md","C:\RH\OPS\PROJECTS\RH_MIGRATION_2026_V2\agent_assets\notes\RH_AI_MIGRATION_SUMMARY\3 EXACT FILE PATH MIGRATION.md","E831C2619539F1E01BD8B67787C652F3B94C62C1249EF3986568BD7C937DE05A","14418","2026-02-07T17:45:17-06:00"
"C:\RH\OPS\RH_AI_MIGRATION_SUMMARY\4 PHASE 0 MIGRATION STEPS.md","C:\RH\OPS\PROJECTS\RH_MIGRATION_2026_V2\agent_assets\notes\RH_AI_MIGRATION_SUMMARY\4 PHASE 0 MIGRATION STEPS.md","B0CB390BCA14647BAA7B90718C084B0B3F17480F16C5C88316D896BDAAF881E2","15932","2026-02-07T17:48:54-06:00"
"C:\RH\OPS\RH_AI_MIGRATION_SUMMARY\5 MIGRATION CLEANUP PLAN.md","C:\RH\OPS\PROJECTS\RH_MIGRATION_2026_V2\agent_assets\notes\RH_AI_MIGRATION_SUMMARY\5 MIGRATION CLEANUP PLAN.md","D6C9628077D4281E22ABB53C5F97A25D6D481D29466C392EEAA3CE13A59DBF9A","20125","2026-02-07T17:49:07-06:00"
"C:\RH\OPS\RH_AI_MIGRATION_SUMMARY\6 DIRECTORY NAMING ADVICE.md","C:\RH\OPS\PROJECTS\RH_MIGRATION_2026_V2\agent_assets\notes\RH_AI_MIGRATION_SUMMARY\6 DIRECTORY NAMING ADVICE.md","7773E4F836ABFD3DA27D39B5CF2FD96889F5183C3FA6B4E884672A8163E990DF","17305","2026-02-07T17:49:25-06:00"
"C:\RH\OPS\RH_AI_MIGRATION_SUMMARY\7 PHASE 4 WORK UNIT FIX.md","C:\RH\OPS\PROJECTS\RH_MIGRATION_2026_V2\agent_assets\notes\RH_AI_MIGRATION_SUMMARY\7 PHASE 4 WORK UNIT FIX.md","DF4AED040E75C738BDA28560A0EAFA0EB0BDEFB7F3870F087FF0E6D8B0C48F41","17062","2026-02-07T17:49:44-06:00"
"C:\RH\OPS\RH_AI_MIGRATION_SUMMARY\8 TRIAGE REDUCTION SUMMARY.md","C:\RH\OPS\PROJECTS\RH_MIGRATION_2026_V2\agent_assets\notes\RH_AI_MIGRATION_SUMMARY\8 TRIAGE REDUCTION SUMMARY.md","57FECED0E098D21C6BD903406682F34667EE94DA0DAD1760BF2FFD3F7541EA29","15972","2026-02-07T17:50:06-06:00"
"C:\RH\OPS\RH_AI_MIGRATION_SUMMARY\9 agentic execution of 11 phase plan.md","C:\RH\OPS\PROJECTS\RH_MIGRATION_2026_V2\agent_assets\notes\RH_AI_MIGRATION_SUMMARY\9 agentic execution of 11 phase plan.md","E3B0C44298FC1C149AFBF4C8996FB92427AE41E4649B934CA495991B7852B855","0","2026-02-07T17:56:57-06:00"
"C:\RH\OPS\RH_STRUCTURE\rh_root_listing_02-08-2026.txt","C:\RH\OPS\PROJECTS\RH_MIGRATION_2026_V2\agent_assets\exports\RH_STRUCTURE\rh_root_listing_02-08-2026.txt","9B113E00EBE9C495142E224BC3E1D6C0EED2B8CE3941F6F943776BACB1E7E548","234","2026-02-08T00:59:11-06:00"
"C:\RH\OPS\scratchpad\agents_project_md_rh_migration_2026_project-scoped_authority_02-08-2026.md","C:\RH\OPS\PROJECTS\RH_MIGRATION_2026_V2\agent_assets\scratch\scratchpad\agents_project_md_rh_migration_2026_project-scoped_authority_02-08-2026.md","3E61BABACFBF637CD432A2EFC055A69973E8065C1386C44FF8577CE2DC220A2E","2089","2026-02-08T00:19:31-06:00"
"C:\RH\OPS\scratchpad\CHAT_TO_CLAUDE.txt","C:\RH\OPS\PROJECTS\RH_MIGRATION_2026_V2\agent_assets\scratch\scratchpad\CHAT_TO_CLAUDE.txt","6072190568FB19DE73E4B0EDDD8A70AFF73716F730324C2091E481FDBB955AEE","288416","2026-02-08T00:17:46-06:00"
"C:\RH\OPS\scratchpad\INSTALL_RH_MIGRATION_CODEX_PACKAGE_02-07-2026.md","C:\RH\OPS\PROJECTS\RH_MIGRATION_2026_V2\agent_assets\scratch\scratchpad\INSTALL_RH_MIGRATION_CODEX_PACKAGE_02-07-2026.md","94FEF20451D6534798AC912B3AAB7A58F072394E37D2828B1858C51F5CA328B5","3408","2026-02-08T00:19:31-06:00"
"C:\RH\OPS\scratchpad\migration_scratch\chainofthought.txt","C:\RH\OPS\PROJECTS\RH_MIGRATION_2026_V2\agent_assets\scratch\scratchpad\migration_scratch\chainofthought.txt","38EF6955E65E77AAF417CB7BF7A5AF091DAEC2F7BF2473D35988C925287187DB","60897","2026-02-08T22:33:39-06:00"
"C:\RH\OPS\scratchpad\migration_scratch\git.txt","C:\RH\OPS\PROJECTS\RH_MIGRATION_2026_V2\agent_assets\scratch\scratchpad\migration_scratch\git.txt","9A2951692EB5566978FB3924A3F64D8718CF2A3127C1657F847E31831AC04FB3","52722","2026-02-08T23:09:06-06:00"
"C:\RH\OPS\scratchpad\phase_status_md_rh_migration_2026_02-08-2026.md","C:\RH\OPS\PROJECTS\RH_MIGRATION_2026_V2\agent_assets\scratch\scratchpad\phase_status_md_rh_migration_2026_02-08-2026.md","6102E0C8F1202D7E869C1A9D33DBD4E3596AFEE97FBE4CFF34E91838A2D91AAB","822","2026-02-08T00:19:31-06:00"
"C:\RH\OPS\scratchpad\RH_MIGRATION_2026_copy_2026-02-08__002151\codex_package\_INPUTS\engine_run.txt","C:\RH\OPS\PROJECTS\RH_MIGRATION_2026_V2\agent_assets\scratch\scratchpad\RH_MIGRATION_2026_copy_2026-02-08__002151\codex_package\_INPUTS\engine_run.txt","8511A57F8F48E69F986C15708F0503AB5F908B8087AB02D66371715F955F1AC7","2460","2026-02-08T00:11:01-06:00"
"C:\RH\OPS\scratchpad\RH_MIGRATION_2026_copy_2026-02-08__002151\codex_package\_INPUTS\master_charter.txt","C:\RH\OPS\PROJECTS\RH_MIGRATION_2026_V2\agent_assets\scratch\scratchpad\RH_MIGRATION_2026_copy_2026-02-08__002151\codex_package\_INPUTS\master_charter.txt","4F9537451A03D8F69940544F3DBDE54AB6435B233300BA1BAE2E8B27148846AD","7422","2026-02-08T00:11:01-06:00"
"C:\RH\OPS\scratchpad\RH_MIGRATION_2026_copy_2026-02-08__002151\codex_package\_INPUTS\OUTPUT_ROUTING_POLICY.txt","C:\RH\OPS\PROJECTS\RH_MIGRATION_2026_V2\agent_assets\scratch\scratchpad\RH_MIGRATION_2026_copy_2026-02-08__002151\codex_package\_INPUTS\OUTPUT_ROUTING_POLICY.txt","217345EA465A8623D4A4EEBFAA0734D3BCC633C9ABA994A4F3A82E62AC1F242D","5256","2026-02-08T00:11:01-06:00"
"C:\RH\OPS\scratchpad\RH_MIGRATION_2026_copy_2026-02-08__002151\codex_package\_INPUTS\phase_4_Debug.txt","C:\RH\OPS\PROJECTS\RH_MIGRATION_2026_V2\agent_assets\scratch\scratchpad\RH_MIGRATION_2026_copy_2026-02-08__002151\codex_package\_INPUTS\phase_4_Debug.txt","504CFBDC0AD4A2A83D2470ABB7AD9BF6C86E9B10423486968FA5130E5543F94F","7568","2026-02-08T00:11:01-06:00"
"C:\RH\OPS\scratchpad\RH_MIGRATION_2026_copy_2026-02-08__002151\codex_package\_INPUTS\refrence.txt","C:\RH\OPS\PROJECTS\RH_MIGRATION_2026_V2\agent_assets\scratch\scratchpad\RH_MIGRATION_2026_copy_2026-02-08__002151\codex_package\_INPUTS\refrence.txt","A4C0447EB104E53CC6743E8B8DB07851EFC84B16EB63A57CE8D9278EAC6125D5","9034","2026-02-08T00:11:01-06:00"
"C:\RH\OPS\scratchpad\RH_MIGRATION_2026_copy_2026-02-08__002151\codex_package\_INPUTS\resume.txt","C:\RH\OPS\PROJECTS\RH_MIGRATION_2026_V2\agent_assets\scratch\scratchpad\RH_MIGRATION_2026_copy_2026-02-08__002151\codex_package\_INPUTS\resume.txt","DBCD651723A5E0D30DDE4D966EF43EBCAE1781E973E4CCC33F50A08EC2B5F550","102","2026-02-08T00:11:01-06:00"
"C:\RH\OPS\scratchpad\RH_MIGRATION_2026_copy_2026-02-08__002151\codex_package\_INPUTS\RH-OPS.txt","C:\RH\OPS\PROJECTS\RH_MIGRATION_2026_V2\agent_assets\scratch\scratchpad\RH_MIGRATION_2026_copy_2026-02-08__002151\codex_package\_INPUTS\RH-OPS.txt","53A3257FD4D9C925C195DFE4BEB1D0923110DAEE23B4AA726A3AAFD45D0B29F9","3143","2026-02-08T00:11:01-06:00"
"C:\RH\OPS\scratchpad\RH_MIGRATION_2026_copy_2026-02-08__002151\codex_package\agents_project_md_rh_migration_2026_project-scoped_authority_02-08-2026.md","C:\RH\OPS\PROJECTS\RH_MIGRATION_2026_V2\agent_assets\scratch\scratchpad\RH_MIGRATION_2026_copy_2026-02-08__002151\codex_package\agents_project_md_rh_migration_2026_project-scoped_authority_02-08-2026.md","3E61BABACFBF637CD432A2EFC055A69973E8065C1386C44FF8577CE2DC220A2E","2089","2026-02-08T00:11:01-06:00"
"C:\RH\OPS\scratchpad\RH_MIGRATION_2026_copy_2026-02-08__002151\codex_package\codex_setup\agents_md_rh_master_migration_plan_agent_instructions_02-08-2026.md","C:\RH\OPS\PROJECTS\RH_MIGRATION_2026_V2\agent_assets\scratch\scratchpad\RH_MIGRATION_2026_copy_2026-02-08__002151\codex_package\codex_setup\agents_md_rh_master_migration_plan_agent_instructions_02-08-2026.md","3CD5FDE0B1C7C87AD4C41BD8467E07BB4860D76CE649B726A002118E933D77EA","5704","2026-02-08T00:11:01-06:00"
"C:\RH\OPS\scratchpad\RH_MIGRATION_2026_copy_2026-02-08__002151\codex_package\codex_setup\CODEX_QUICKREF_02-07-2026.md","C:\RH\OPS\PROJECTS\RH_MIGRATION_2026_V2\agent_assets\scratch\scratchpad\RH_MIGRATION_2026_copy_2026-02-08__002151\codex_package\codex_setup\CODEX_QUICKREF_02-07-2026.md","647BB3C3DFE091483E681DBC4E9A0E3F51B3F61FE20F53FC5F4F3CA89541ED20","3270","2026-02-08T00:11:01-06:00"
"C:\RH\OPS\scratchpad\RH_MIGRATION_2026_copy_2026-02-08__002151\codex_package\codex_setup\skills\powershell-safety\powershell_safety_patterns_skill_02-08-2026.md","C:\RH\OPS\PROJECTS\RH_MIGRATION_2026_V2\agent_assets\scratch\scratchpad\RH_MIGRATION_2026_copy_2026-02-08__002151\codex_package\codex_setup\skills\powershell-safety\powershell_safety_patterns_skill_02-08-2026.md","62D6B4B6E3A6111D0CA43F1F1367D8EB8C1242A0D5BCA0A60E521442BBD7B694","5859","2026-02-08T00:11:01-06:00"
"C:\RH\OPS\scratchpad\RH_MIGRATION_2026_copy_2026-02-08__002151\codex_package\codex_setup\skills\rh-migration\rh_migration_skill_02-08-2026.md","C:\RH\OPS\PROJECTS\RH_MIGRATION_2026_V2\agent_assets\scratch\scratchpad\RH_MIGRATION_2026_copy_2026-02-08__002151\codex_package\codex_setup\skills\rh-migration\rh_migration_skill_02-08-2026.md","FABAD05F925E6C3AA62F1B5300B029E50A1A3C7C299FF7D04AA284F1D298C9DA","4507","2026-02-08T00:11:01-06:00"
"C:\RH\OPS\scratchpad\RH_MIGRATION_2026_copy_2026-02-08__002151\codex_package\INSTALL_RH_MIGRATION_CODEX_PACKAGE_02-07-2026.md","C:\RH\OPS\PROJECTS\RH_MIGRATION_2026_V2\agent_assets\scratch\scratchpad\RH_MIGRATION_2026_copy_2026-02-08__002151\codex_package\INSTALL_RH_MIGRATION_CODEX_PACKAGE_02-07-2026.md","94FEF20451D6534798AC912B3AAB7A58F072394E37D2828B1858C51F5CA328B5","3408","2026-02-08T00:11:01-06:00"
"C:\RH\OPS\scratchpad\RH_MIGRATION_2026_copy_2026-02-08__002151\codex_package\phase_status_md_rh_migration_2026_02-08-2026.md","C:\RH\OPS\PROJECTS\RH_MIGRATION_2026_V2\agent_assets\scratch\scratchpad\RH_MIGRATION_2026_copy_2026-02-08__002151\codex_package\phase_status_md_rh_migration_2026_02-08-2026.md","6102E0C8F1202D7E869C1A9D33DBD4E3596AFEE97FBE4CFF34E91838A2D91AAB","822","2026-02-08T00:11:01-06:00"
"C:\RH\OPS\scratchpad\RH_MIGRATION_2026_copy_2026-02-08__002151\codex\_INPUTS\01_PROJECT_CHARTER_PROMPT.txt","C:\RH\OPS\PROJECTS\RH_MIGRATION_2026_V2\agent_assets\scratch\scratchpad\RH_MIGRATION_2026_copy_2026-02-08__002151\codex\_INPUTS\01_PROJECT_CHARTER_PROMPT.txt","98B3EA7AEF7FA1BC37E3BF0C5CE5EB245C3B1D54DD819BB0932D0F4A38CA8CCD","7424","2026-02-07T23:18:18-06:00"
"C:\RH\OPS\scratchpad\RH_MIGRATION_2026_copy_2026-02-08__002151\codex\_INPUTS\02_OUTPUT_ROUTING_POLICY_02-07-2026.md","C:\RH\OPS\PROJECTS\RH_MIGRATION_2026_V2\agent_assets\scratch\scratchpad\RH_MIGRATION_2026_copy_2026-02-08__002151\codex\_INPUTS\02_OUTPUT_ROUTING_POLICY_02-07-2026.md","97DF9B4493A1C2C79696579E157F73A3F42D4709E485558B4E581A0F6BD849D5","5258","2026-02-07T23:18:18-06:00"
"C:\RH\OPS\scratchpad\RH_MIGRATION_2026_copy_2026-02-08__002151\codex\_INPUTS\06_CANONICAL_ROOT_RULES_02-07-2026.md","C:\RH\OPS\PROJECTS\RH_MIGRATION_2026_V2\agent_assets\scratch\scratchpad\RH_MIGRATION_2026_copy_2026-02-08__002151\codex\_INPUTS\06_CANONICAL_ROOT_RULES_02-07-2026.md","75C8C6E2EFE17EE91D7E2366D02FF58708E6DA9F7F1A9F83B42F489CC413CE0E","12708","2026-02-07T23:18:18-06:00"
"C:\RH\OPS\scratchpad\RH_MIGRATION_2026_copy_2026-02-08__002151\codex\_INPUTS\07_COMMAND_SNIPPETS_POWERSHELL_02-07-2026.md","C:\RH\OPS\PROJECTS\RH_MIGRATION_2026_V2\agent_assets\scratch\scratchpad\RH_MIGRATION_2026_copy_2026-02-08__002151\codex\_INPUTS\07_COMMAND_SNIPPETS_POWERSHELL_02-07-2026.md","BB09B9A01BE257431BB370A80EDEDCECBBC26CFC89947BAD5ED47C01CC7FFC87","2916","2026-02-07T23:18:18-06:00"
"C:\RH\OPS\scratchpad\RH_MIGRATION_2026_copy_2026-02-08__002151\codex\_INPUTS\08_DECISIONS_LOG_02-07-2026.md","C:\RH\OPS\PROJECTS\RH_MIGRATION_2026_V2\agent_assets\scratch\scratchpad\RH_MIGRATION_2026_copy_2026-02-08__002151\codex\_INPUTS\08_DECISIONS_LOG_02-07-2026.md","B54C19C6A1B66E6072FB0A53A584DAA4C8C5B48754D6589D7623F43CBD8FB315","285","2026-02-07T23:18:18-06:00"
"C:\RH\OPS\scratchpad\RH_MIGRATION_2026_copy_2026-02-08__002151\codex\_INPUTS\09_PHASE_DELIVERABLE_TEMPLATES\phase_xx_proof_02-07-2026.md","C:\RH\OPS\PROJECTS\RH_MIGRATION_2026_V2\agent_assets\scratch\scratchpad\RH_MIGRATION_2026_copy_2026-02-08__002151\codex\_INPUTS\09_PHASE_DELIVERABLE_TEMPLATES\phase_xx_proof_02-07-2026.md","4684E3987550624C88BAC92E1EA6710B29EC99B502D6DBB6081FA64CBF3A2EC6","222","2026-02-07T23:18:18-06:00"
"C:\RH\OPS\scratchpad\RH_MIGRATION_2026_copy_2026-02-08__002151\codex\_INPUTS\09_PHASE_DELIVERABLE_TEMPLATES\phase_xx_purpose_02-07-2026.md","C:\RH\OPS\PROJECTS\RH_MIGRATION_2026_V2\agent_assets\scratch\scratchpad\RH_MIGRATION_2026_copy_2026-02-08__002151\codex\_INPUTS\09_PHASE_DELIVERABLE_TEMPLATES\phase_xx_purpose_02-07-2026.md","CBFA35E046E279FE0C9700BAAD03B3625C89E5DCA15DB24DAA1A2A39E6B8363E","272","2026-02-07T23:18:18-06:00"
"C:\RH\OPS\scratchpad\RH_MIGRATION_2026_copy_2026-02-08__002151\codex\_INPUTS\10_EXECUTION_GATES_PROMPTS\DRYRUN_ONLY_PROMPT.txt","C:\RH\OPS\PROJECTS\RH_MIGRATION_2026_V2\agent_assets\scratch\scratchpad\RH_MIGRATION_2026_copy_2026-02-08__002151\codex\_INPUTS\10_EXECUTION_GATES_PROMPTS\DRYRUN_ONLY_PROMPT.txt","EEACF2A0CFB148CFC5F7DDE683B2B91CAB58E6D807899FB71C30F0571E224257","173","2026-02-07T23:18:18-06:00"
"C:\RH\OPS\scratchpad\RH_MIGRATION_2026_copy_2026-02-08__002151\codex\_INPUTS\10_EXECUTION_GATES_PROMPTS\EXECUTE_GATE_PROMPT.txt","C:\RH\OPS\PROJECTS\RH_MIGRATION_2026_V2\agent_assets\scratch\scratchpad\RH_MIGRATION_2026_copy_2026-02-08__002151\codex\_INPUTS\10_EXECUTION_GATES_PROMPTS\EXECUTE_GATE_PROMPT.txt","6245B63DE439244C36597A0A0C84556E476191E16829A6BAD1F5909B5B5C05C2","185","2026-02-07T23:18:18-06:00"
"C:\RH\OPS\scratchpad\RH_MIGRATION_2026_copy_2026-02-08__002151\codex\_INPUTS\11_PROOF_PACK_PIPELINE_SPEC_02-07-2026.md","C:\RH\OPS\PROJECTS\RH_MIGRATION_2026_V2\agent_assets\scratch\scratchpad\RH_MIGRATION_2026_copy_2026-02-08__002151\codex\_INPUTS\11_PROOF_PACK_PIPELINE_SPEC_02-07-2026.md","EF2F4CF4D8F8816650A7CC0BC5591C32F313A0D0FD33A40D538A2D552651BDEE","421","2026-02-07T23:18:18-06:00"
"C:\RH\OPS\scratchpad\RH_MIGRATION_2026_copy_2026-02-08__002151\codex\_INPUTS\99_ARCHIVE\engine_run.txt","C:\RH\OPS\PROJECTS\RH_MIGRATION_2026_V2\agent_assets\scratch\scratchpad\RH_MIGRATION_2026_copy_2026-02-08__002151\codex\_INPUTS\99_ARCHIVE\engine_run.txt","8511A57F8F48E69F986C15708F0503AB5F908B8087AB02D66371715F955F1AC7","2460","2026-02-07T18:58:34-06:00"
"C:\RH\OPS\scratchpad\RH_MIGRATION_2026_copy_2026-02-08__002151\codex\_INPUTS\99_ARCHIVE\master_charter.txt","C:\RH\OPS\PROJECTS\RH_MIGRATION_2026_V2\agent_assets\scratch\scratchpad\RH_MIGRATION_2026_copy_2026-02-08__002151\codex\_INPUTS\99_ARCHIVE\master_charter.txt","4F9537451A03D8F69940544F3DBDE54AB6435B233300BA1BAE2E8B27148846AD","7422","2026-02-07T22:50:57-06:00"
"C:\RH\OPS\scratchpad\RH_MIGRATION_2026_copy_2026-02-08__002151\codex\_INPUTS\99_ARCHIVE\OUTPUT_ROUTING_POLICY.txt","C:\RH\OPS\PROJECTS\RH_MIGRATION_2026_V2\agent_assets\scratch\scratchpad\RH_MIGRATION_2026_copy_2026-02-08__002151\codex\_INPUTS\99_ARCHIVE\OUTPUT_ROUTING_POLICY.txt","217345EA465A8623D4A4EEBFAA0734D3BCC633C9ABA994A4F3A82E62AC1F242D","5256","2026-02-07T23:04:57-06:00"
"C:\RH\OPS\scratchpad\RH_MIGRATION_2026_copy_2026-02-08__002151\codex\_INPUTS\99_ARCHIVE\phase_4_Debug.txt","C:\RH\OPS\PROJECTS\RH_MIGRATION_2026_V2\agent_assets\scratch\scratchpad\RH_MIGRATION_2026_copy_2026-02-08__002151\codex\_INPUTS\99_ARCHIVE\phase_4_Debug.txt","504CFBDC0AD4A2A83D2470ABB7AD9BF6C86E9B10423486968FA5130E5543F94F","7568","2026-02-07T19:13:50-06:00"
"C:\RH\OPS\scratchpad\RH_MIGRATION_2026_copy_2026-02-08__002151\codex\_INPUTS\99_ARCHIVE\refrence.txt","C:\RH\OPS\PROJECTS\RH_MIGRATION_2026_V2\agent_assets\scratch\scratchpad\RH_MIGRATION_2026_copy_2026-02-08__002151\codex\_INPUTS\99_ARCHIVE\refrence.txt","A4C0447EB104E53CC6743E8B8DB07851EFC84B16EB63A57CE8D9278EAC6125D5","9034","2026-02-07T18:58:34-06:00"
"C:\RH\OPS\scratchpad\RH_MIGRATION_2026_copy_2026-02-08__002151\codex\_INPUTS\99_ARCHIVE\resume.txt","C:\RH\OPS\PROJECTS\RH_MIGRATION_2026_V2\agent_assets\scratch\scratchpad\RH_MIGRATION_2026_copy_2026-02-08__002151\codex\_INPUTS\99_ARCHIVE\resume.txt","DBCD651723A5E0D30DDE4D966EF43EBCAE1781E973E4CCC33F50A08EC2B5F550","102","2026-02-07T20:37:50-06:00"
"C:\RH\OPS\scratchpad\RH_MIGRATION_2026_copy_2026-02-08__002151\codex\_INPUTS\99_ARCHIVE\RH-OPS.txt","C:\RH\OPS\PROJECTS\RH_MIGRATION_2026_V2\agent_assets\scratch\scratchpad\RH_MIGRATION_2026_copy_2026-02-08__002151\codex\_INPUTS\99_ARCHIVE\RH-OPS.txt","53A3257FD4D9C925C195DFE4BEB1D0923110DAEE23B4AA726A3AAFD45D0B29F9","3143","2026-02-05T17:47:19-06:00"
"C:\RH\OPS\scratchpad\RH_MIGRATION_2026_copy_2026-02-08__002151\codex\_INPUTS\baseline_declaration_template_02-07-2026.md","C:\RH\OPS\PROJECTS\RH_MIGRATION_2026_V2\agent_assets\scratch\scratchpad\RH_MIGRATION_2026_copy_2026-02-08__002151\codex\_INPUTS\baseline_declaration_template_02-07-2026.md","43F3C0DB8318597C208115243A5EFBB1B6B9FF124A7029DDFE65FEE5500A3FAA","429","2026-02-07T23:18:18-06:00"
"C:\RH\OPS\scratchpad\RH_MIGRATION_2026_copy_2026-02-08__002151\codex\_INPUTS\baseline_evidence_index_template_02-07-2026.md","C:\RH\OPS\PROJECTS\RH_MIGRATION_2026_V2\agent_assets\scratch\scratchpad\RH_MIGRATION_2026_copy_2026-02-08__002151\codex\_INPUTS\baseline_evidence_index_template_02-07-2026.md","7BAC126314100C215285FE21048AB631D012064E8BABC62DB294F87FBB852F44","241","2026-02-07T23:18:18-06:00"
"C:\RH\OPS\scratchpad\RH_MIGRATION_2026_copy_2026-02-08__002151\codex\_INPUTS\engine_run.txt","C:\RH\OPS\PROJECTS\RH_MIGRATION_2026_V2\agent_assets\scratch\scratchpad\RH_MIGRATION_2026_copy_2026-02-08__002151\codex\_INPUTS\engine_run.txt","8511A57F8F48E69F986C15708F0503AB5F908B8087AB02D66371715F955F1AC7","2460","2026-02-08T00:05:52-06:00"
"C:\RH\OPS\scratchpad\RH_MIGRATION_2026_copy_2026-02-08__002151\codex\_INPUTS\inputs_canonical_pack_checklist_02-07-2026_02-07-2026.md","C:\RH\OPS\PROJECTS\RH_MIGRATION_2026_V2\agent_assets\scratch\scratchpad\RH_MIGRATION_2026_copy_2026-02-08__002151\codex\_INPUTS\inputs_canonical_pack_checklist_02-07-2026_02-07-2026.md","4EB2E0F76D9F76D8AD197862524AFF5DDFDF85A06E0933065A50B4FCFE88980E","1468","2026-02-07T23:18:18-06:00"
"C:\RH\OPS\scratchpad\RH_MIGRATION_2026_copy_2026-02-08__002151\codex\_INPUTS\master_charter.txt","C:\RH\OPS\PROJECTS\RH_MIGRATION_2026_V2\agent_assets\scratch\scratchpad\RH_MIGRATION_2026_copy_2026-02-08__002151\codex\_INPUTS\master_charter.txt","4F9537451A03D8F69940544F3DBDE54AB6435B233300BA1BAE2E8B27148846AD","7422","2026-02-08T00:05:52-06:00"
"C:\RH\OPS\scratchpad\RH_MIGRATION_2026_copy_2026-02-08__002151\codex\_INPUTS\OUTPUT_ROUTING_POLICY.txt","C:\RH\OPS\PROJECTS\RH_MIGRATION_2026_V2\agent_assets\scratch\scratchpad\RH_MIGRATION_2026_copy_2026-02-08__002151\codex\_INPUTS\OUTPUT_ROUTING_POLICY.txt","217345EA465A8623D4A4EEBFAA0734D3BCC633C9ABA994A4F3A82E62AC1F242D","5256","2026-02-08T00:05:52-06:00"
"C:\RH\OPS\scratchpad\RH_MIGRATION_2026_copy_2026-02-08__002151\codex\_INPUTS\phase_4_Debug.txt","C:\RH\OPS\PROJECTS\RH_MIGRATION_2026_V2\agent_assets\scratch\scratchpad\RH_MIGRATION_2026_copy_2026-02-08__002151\codex\_INPUTS\phase_4_Debug.txt","504CFBDC0AD4A2A83D2470ABB7AD9BF6C86E9B10423486968FA5130E5543F94F","7568","2026-02-08T00:05:52-06:00"
"C:\RH\OPS\scratchpad\RH_MIGRATION_2026_copy_2026-02-08__002151\codex\_INPUTS\phase_status_template_02-07-2026.md","C:\RH\OPS\PROJECTS\RH_MIGRATION_2026_V2\agent_assets\scratch\scratchpad\RH_MIGRATION_2026_copy_2026-02-08__002151\codex\_INPUTS\phase_status_template_02-07-2026.md","24BFC065C6B84DE2F980E110D3B05EC88841C87D70845A9C92E77855A148BE0B","537","2026-02-07T23:18:18-06:00"
"C:\RH\OPS\scratchpad\RH_MIGRATION_2026_copy_2026-02-08__002151\codex\_INPUTS\refrence.txt","C:\RH\OPS\PROJECTS\RH_MIGRATION_2026_V2\agent_assets\scratch\scratchpad\RH_MIGRATION_2026_copy_2026-02-08__002151\codex\_INPUTS\refrence.txt","A4C0447EB104E53CC6743E8B8DB07851EFC84B16EB63A57CE8D9278EAC6125D5","9034","2026-02-08T00:05:52-06:00"
"C:\RH\OPS\scratchpad\RH_MIGRATION_2026_copy_2026-02-08__002151\codex\_INPUTS\resume.txt","C:\RH\OPS\PROJECTS\RH_MIGRATION_2026_V2\agent_assets\scratch\scratchpad\RH_MIGRATION_2026_copy_2026-02-08__002151\codex\_INPUTS\resume.txt","DBCD651723A5E0D30DDE4D966EF43EBCAE1781E973E4CCC33F50A08EC2B5F550","102","2026-02-08T00:05:52-06:00"
"C:\RH\OPS\scratchpad\RH_MIGRATION_2026_copy_2026-02-08__002151\codex\_INPUTS\RH-OPS.txt","C:\RH\OPS\PROJECTS\RH_MIGRATION_2026_V2\agent_assets\scratch\scratchpad\RH_MIGRATION_2026_copy_2026-02-08__002151\codex\_INPUTS\RH-OPS.txt","53A3257FD4D9C925C195DFE4BEB1D0923110DAEE23B4AA726A3AAFD45D0B29F9","3143","2026-02-08T00:05:52-06:00"
"C:\RH\OPS\scratchpad\RH_MIGRATION_2026_copy_2026-02-08__002151\codex\agents_project_md_rh_migration_2026_project-scoped_authority_02-08-2026.md","C:\RH\OPS\PROJECTS\RH_MIGRATION_2026_V2\agent_assets\scratch\scratchpad\RH_MIGRATION_2026_copy_2026-02-08__002151\codex\agents_project_md_rh_migration_2026_project-scoped_authority_02-08-2026.md","3E61BABACFBF637CD432A2EFC055A69973E8065C1386C44FF8577CE2DC220A2E","2089","2026-02-08T00:05:52-06:00"
"C:\RH\OPS\scratchpad\RH_MIGRATION_2026_copy_2026-02-08__002151\codex\canonical_root_override_02-07-2026.txt","C:\RH\OPS\PROJECTS\RH_MIGRATION_2026_V2\agent_assets\scratch\scratchpad\RH_MIGRATION_2026_copy_2026-02-08__002151\codex\canonical_root_override_02-07-2026.txt","9F16B4B9EC6F3BA42373AFD3D8A5CB68B73E2623CC7E17A33FBA4F4BEF7E5342","665","2026-02-07T17:18:12-06:00"
"C:\RH\OPS\scratchpad\RH_MIGRATION_2026_copy_2026-02-08__002151\codex\Codex_Context_02-07-2026.txt","C:\RH\OPS\PROJECTS\RH_MIGRATION_2026_V2\agent_assets\scratch\scratchpad\RH_MIGRATION_2026_copy_2026-02-08__002151\codex\Codex_Context_02-07-2026.txt","9326489F89DD92F9C1415650D1BD043AE46C307367F649A6B4FC930C3E4E2622","6520","2026-02-07T18:58:34-06:00"
"C:\RH\OPS\scratchpad\RH_MIGRATION_2026_copy_2026-02-08__002151\codex\Codex_Master_Agent_02-07-2026.Md","C:\RH\OPS\PROJECTS\RH_MIGRATION_2026_V2\agent_assets\scratch\scratchpad\RH_MIGRATION_2026_copy_2026-02-08__002151\codex\Codex_Master_Agent_02-07-2026.Md","0D3D9E2C725DA9E0BEC8C604B5CEFCC33B820CC086D8533EE414BAC709A3EC33","6329","2026-02-07T16:52:53-06:00"
"C:\RH\OPS\scratchpad\RH_MIGRATION_2026_copy_2026-02-08__002151\codex\CURRENT_STATUS_02-07-2026.md","C:\RH\OPS\PROJECTS\RH_MIGRATION_2026_V2\agent_assets\scratch\scratchpad\RH_MIGRATION_2026_copy_2026-02-08__002151\codex\CURRENT_STATUS_02-07-2026.md","B59060A52C8C8F91214BE2F9979D166368D601BD1C8A8CBF24653F6D5CE90131","2680","2026-02-07T21:07:58-06:00"
"C:\RH\OPS\scratchpad\RH_MIGRATION_2026_copy_2026-02-08__002151\codex\folder_tree_snapshot_02-07-2026.txt","C:\RH\OPS\PROJECTS\RH_MIGRATION_2026_V2\agent_assets\scratch\scratchpad\RH_MIGRATION_2026_copy_2026-02-08__002151\codex\folder_tree_snapshot_02-07-2026.txt","99EB79EAC2E596CADD086F12FD05F59D7264C38A41FF2DA1E47785943BDAF780","967","2026-02-07T20:26:18-06:00"
"C:\RH\OPS\scratchpad\RH_MIGRATION_2026_copy_2026-02-08__002151\codex\phase_2.txt","C:\RH\OPS\PROJECTS\RH_MIGRATION_2026_V2\agent_assets\scratch\scratchpad\RH_MIGRATION_2026_copy_2026-02-08__002151\codex\phase_2.txt","CA32F8193A4DC9BCD5D10D9B318B4EB08B5D208CF9F96279CC4E0310870C8277","43421","2026-02-07T16:25:36-06:00"
"C:\RH\OPS\scratchpad\RH_MIGRATION_2026_copy_2026-02-08__002151\codex\phase_status_md_rh_migration_2026_02-08-2026.md","C:\RH\OPS\PROJECTS\RH_MIGRATION_2026_V2\agent_assets\scratch\scratchpad\RH_MIGRATION_2026_copy_2026-02-08__002151\codex\phase_status_md_rh_migration_2026_02-08-2026.md","6102E0C8F1202D7E869C1A9D33DBD4E3596AFEE97FBE4CFF34E91838A2D91AAB","822","2026-02-08T00:05:52-06:00"
"C:\RH\OPS\scratchpad\RH_MIGRATION_2026_copy_2026-02-08__002151\codex\runbook_canonical_02-07-2026.md","C:\RH\OPS\PROJECTS\RH_MIGRATION_2026_V2\agent_assets\scratch\scratchpad\RH_MIGRATION_2026_copy_2026-02-08__002151\codex\runbook_canonical_02-07-2026.md","5D8F212D9FB6BDFCC3F07B6D296F3514FAB4C62DB6EAF4369F7DF3900F9AA6BE","2644","2026-02-07T20:25:58-06:00"
"C:\RH\OPS\scratchpad\RH_MIGRATION_2026_copy_2026-02-08__002151\codex\trash_reconciliation_report_02-07-2026.md","C:\RH\OPS\PROJECTS\RH_MIGRATION_2026_V2\agent_assets\scratch\scratchpad\RH_MIGRATION_2026_copy_2026-02-08__002151\codex\trash_reconciliation_report_02-07-2026.md","5708992084014F44D0F244EAC70E766934D2B6C3423B327DD98BF3F95EB024E3","64581","2026-02-07T21:09:45-06:00"
"C:\RH\OPS\scratchpad\RH_MIGRATION_2026_copy_2026-02-08__002151\codex\unsorted_report_02-07-2026.md","C:\RH\OPS\PROJECTS\RH_MIGRATION_2026_V2\agent_assets\scratch\scratchpad\RH_MIGRATION_2026_copy_2026-02-08__002151\codex\unsorted_report_02-07-2026.md","D5DC6533913AF07B92E4005B7D6389F825013097F3A0EB5F19563BD3E1770D6E","40253","2026-02-07T20:16:25-06:00"
"C:\RH\OPS\scratchpad\RH_MIGRATION_2026_copy_2026-02-08__002151\phase_01\docs\phase1_canonical_lock_report_02-07-2026.md","C:\RH\OPS\PROJECTS\RH_MIGRATION_2026_V2\agent_assets\scratch\scratchpad\RH_MIGRATION_2026_copy_2026-02-08__002151\phase_01\docs\phase1_canonical_lock_report_02-07-2026.md","DD9FE2511B8B06AF37CB5C1799FB0756AE89373E121F30D17E04CE03D8565D7E","1199","2026-02-07T22:49:51-06:00"
"C:\RH\OPS\scratchpad\RH_MIGRATION_2026_copy_2026-02-08__002151\phase_02\docs\5.2RESEARCH_MIGRATE\INPUTS\repos_migrated_phase2.txt","C:\RH\OPS\PROJECTS\RH_MIGRATION_2026_V2\agent_assets\scratch\scratchpad\RH_MIGRATION_2026_copy_2026-02-08__002151\phase_02\docs\5.2RESEARCH_MIGRATE\INPUTS\repos_migrated_phase2.txt","6D7D4C0BD6214F57A2AC4E73762DB138B15811711CD028E6484341B46A13B4EB","413","2026-02-06T05:00:11-06:00"
"C:\RH\OPS\scratchpad\RH_MIGRATION_2026_copy_2026-02-08__002151\phase_04\artifacts\logs\migrate failure 5.2 research debug.txt","C:\RH\OPS\PROJECTS\RH_MIGRATION_2026_V2\agent_assets\scratch\scratchpad\RH_MIGRATION_2026_copy_2026-02-08__002151\phase_04\artifacts\logs\migrate failure 5.2 research debug.txt","2869C31A629C21B4D08FCAB575AAF426C4AB3B85E770762A63733876BA33F714","41444","2026-02-06T16:10:17-06:00"
"C:\RH\OPS\scratchpad\RH_MIGRATION_2026_copy_2026-02-08__002151\phase_04\artifacts\logs\RH_MIGRATION_PLAN02-06.txt","C:\RH\OPS\PROJECTS\RH_MIGRATION_2026_V2\agent_assets\scratch\scratchpad\RH_MIGRATION_2026_copy_2026-02-08__002151\phase_04\artifacts\logs\RH_MIGRATION_PLAN02-06.txt","E3EFBC29968BC75EF00559E58134FF574A95C9D18177EFB099745BEFA035ECF4","20798","2026-02-07T19:13:50-06:00"
"C:\RH\OPS\scratchpad\RH_MIGRATION_2026_copy_2026-02-08__002151\phase_04\docs\phase4_debug_notes_02-07-2026.md","C:\RH\OPS\PROJECTS\RH_MIGRATION_2026_V2\agent_assets\scratch\scratchpad\RH_MIGRATION_2026_copy_2026-02-08__002151\phase_04\docs\phase4_debug_notes_02-07-2026.md","F15B59A5B4A639AA775FA4E9EE8FA75A2DB4E80185792E8675633731E6FD7894","7570","2026-02-07T23:18:18-06:00"
"C:\RH\OPS\scratchpad\RH_MIGRATION_2026_copy_2026-02-08__002151\phase_04\docs\phase4_reconciliation_addendum_02-07-2026.md","C:\RH\OPS\PROJECTS\RH_MIGRATION_2026_V2\agent_assets\scratch\scratchpad\RH_MIGRATION_2026_copy_2026-02-08__002151\phase_04\docs\phase4_reconciliation_addendum_02-07-2026.md","CC62D4378BA4DC48B9EA5220BBC5573343FFE5225C286F4DACFB18F1107FDA4A","987","2026-02-07T20:21:14-06:00"
"C:\RH\OPS\scratchpad\RH_MIGRATION_2026_copy_2026-02-08__002151\phase_04\legacy_engine\engine\docs\_from_ops_build\phase_4_discovery_engine_-_fixed_version_v2_02-06-2026.md","C:\RH\OPS\PROJECTS\RH_MIGRATION_2026_V2\agent_assets\scratch\scratchpad\RH_MIGRATION_2026_copy_2026-02-08__002151\phase_04\legacy_engine\engine\docs\_from_ops_build\phase_4_discovery_engine_-_fixed_version_v2_02-06-2026.md","FCFCD323C672AD2DA70DACA7AB50638AF7DF67F4184D9053F4E9F094050EB382","6737","2026-02-06T13:26:45-06:00"
"C:\RH\OPS\scratchpad\RH_MIGRATION_2026_copy_2026-02-08__002151\phase_04\legacy_engine\engine\docs\phase_4_discovery_engine_-_fixed_version_v2_02-07-2026.md","C:\RH\OPS\PROJECTS\RH_MIGRATION_2026_V2\agent_assets\scratch\scratchpad\RH_MIGRATION_2026_copy_2026-02-08__002151\phase_04\legacy_engine\engine\docs\phase_4_discovery_engine_-_fixed_version_v2_02-07-2026.md","C3D1BCCF41D8E82C467F9F849EAD748DB6C40FDDD3C2FFF6F5F2362827DD4215","6795","2026-02-07T17:17:58-06:00"
"C:\RH\OPS\scratchpad\RH_MIGRATION_2026_copy_2026-02-08__002151\phase_04\logs\migration scripts.txt","C:\RH\OPS\PROJECTS\RH_MIGRATION_2026_V2\agent_assets\scratch\scratchpad\RH_MIGRATION_2026_copy_2026-02-08__002151\phase_04\logs\migration scripts.txt","B22791D6CF2DD5724D92894C5D2218BBB67569B403288712C3F657F460DDF2D6","32678","2026-02-07T23:00:11-06:00"
"C:\RH\OPS\scratchpad\RH_MIGRATION_2026_copy_2026-02-08__002151\phase_04\logs\PowerShell 7.txt","C:\RH\OPS\PROJECTS\RH_MIGRATION_2026_V2\agent_assets\scratch\scratchpad\RH_MIGRATION_2026_copy_2026-02-08__002151\phase_04\logs\PowerShell 7.txt","161DEDE5DD81683658CD656D6D5E99D697ECA5FB00E3072611824831F6B80427","147945","2026-02-07T22:59:43-06:00"
"C:\RH\OPS\scratchpad\RH_MIGRATION_2026_copy_2026-02-08__002151\phase_04\research\5.2RESEARCH_MIGRATE\INPUTS\phase_4_discovery_engine_-_fixed_version_v2_02-06-2026.md","C:\RH\OPS\PROJECTS\RH_MIGRATION_2026_V2\agent_assets\scratch\scratchpad\RH_MIGRATION_2026_copy_2026-02-08__002151\phase_04\research\5.2RESEARCH_MIGRATE\INPUTS\phase_4_discovery_engine_-_fixed_version_v2_02-06-2026.md","FCFCD323C672AD2DA70DACA7AB50638AF7DF67F4184D9053F4E9F094050EB382","6737","2026-02-06T13:26:45-06:00"
"C:\RH\OPS\scratchpad\RH_MIGRATION_2026_copy_2026-02-08__002151\phase_04\research\5.2RESEARCH_MIGRATE\INPUTS\repos_found.txt","C:\RH\OPS\PROJECTS\RH_MIGRATION_2026_V2\agent_assets\scratch\scratchpad\RH_MIGRATION_2026_copy_2026-02-08__002151\phase_04\research\5.2RESEARCH_MIGRATE\INPUTS\repos_found.txt","29F1F21BD9B236B47E1CA40E74507ACDC2A214DAC931DDFEC97E6FFC4102C8B0","536","2026-02-06T04:50:51-06:00"
"C:\RH\OPS\scratchpad\RH_MIGRATION_2026_copy_2026-02-08__002151\phase_04\research\5.2RESEARCH_MIGRATE\INPUTS\RH_MIGRATION_PLAN02-06.txt","C:\RH\OPS\PROJECTS\RH_MIGRATION_2026_V2\agent_assets\scratch\scratchpad\RH_MIGRATION_2026_copy_2026-02-08__002151\phase_04\research\5.2RESEARCH_MIGRATE\INPUTS\RH_MIGRATION_PLAN02-06.txt","E3EFBC29968BC75EF00559E58134FF574A95C9D18177EFB099745BEFA035ECF4","20798","2026-02-07T19:13:50-06:00"
"C:\RH\OPS\scratchpad\RH_MIGRATION_2026_copy_2026-02-08__002151\phase_04\research\5.2RESEARCH_MIGRATE\INPUTS\RH_TREE_FOLDERS_ONLY.txt","C:\RH\OPS\PROJECTS\RH_MIGRATION_2026_V2\agent_assets\scratch\scratchpad\RH_MIGRATION_2026_copy_2026-02-08__002151\phase_04\research\5.2RESEARCH_MIGRATE\INPUTS\RH_TREE_FOLDERS_ONLY.txt","940C2E2336F681555C101AAC1200A26C4E46D1C7D5222DD0D813166636B21B23","77715","2026-02-06T14:52:21-06:00"
"C:\RH\OPS\scratchpad\RH_MIGRATION_2026_copy_2026-02-08__002151\phase_04\research\5.2RESEARCH_MIGRATE\INPUTS\SECRETS_SWEEP_2026-02-06_06-02-31.txt","C:\RH\OPS\PROJECTS\RH_MIGRATION_2026_V2\agent_assets\scratch\scratchpad\RH_MIGRATION_2026_copy_2026-02-08__002151\phase_04\research\5.2RESEARCH_MIGRATE\INPUTS\SECRETS_SWEEP_2026-02-06_06-02-31.txt","E3B0C44298FC1C149AFBF4C8996FB92427AE41E4649B934CA495991B7852B855","0","2026-02-06T06:02:31-06:00"
"C:\RH\OPS\scratchpad\RH_MIGRATION_2026_copy_2026-02-08__002151\phase_04\research\5.2RESEARCH_MIGRATE\INPUTS\terminal .txt","C:\RH\OPS\PROJECTS\RH_MIGRATION_2026_V2\agent_assets\scratch\scratchpad\RH_MIGRATION_2026_copy_2026-02-08__002151\phase_04\research\5.2RESEARCH_MIGRATE\INPUTS\terminal .txt","FB56D6AF980E743113CEC1BAF6A4DA722B2964D2AA7AA409406CAA014ADE8A0A","7146","2026-02-06T13:02:57-06:00"
"C:\RH\OPS\scratchpad\RH_MIGRATION_2026_copy_2026-02-08__002151\phase_04\research\5.2RESEARCH_MIGRATE\migrate failure 5.2 research debug.txt","C:\RH\OPS\PROJECTS\RH_MIGRATION_2026_V2\agent_assets\scratch\scratchpad\RH_MIGRATION_2026_copy_2026-02-08__002151\phase_04\research\5.2RESEARCH_MIGRATE\migrate failure 5.2 research debug.txt","2869C31A629C21B4D08FCAB575AAF426C4AB3B85E770762A63733876BA33F714","41444","2026-02-06T16:10:17-06:00"
"C:\RH\OPS\scratchpad\RH_MIGRATION_2026_copy_2026-02-08__002151\phase_04\research\ATTEMPT1_MIGRATION02-06\phase_4_discovery_engine_-_work_unit_reconstruction_system_02-06-2026.md","C:\RH\OPS\PROJECTS\RH_MIGRATION_2026_V2\agent_assets\scratch\scratchpad\RH_MIGRATION_2026_copy_2026-02-08__002151\phase_04\research\ATTEMPT1_MIGRATION02-06\phase_4_discovery_engine_-_work_unit_reconstruction_system_02-06-2026.md","D6145B0E7BB1AB47A1B765236EF179CE3332289BE0F8FB3B58D38C42FE8A1C61","9217","2026-02-06T12:39:38-06:00"
"C:\RH\OPS\scratchpad\RH_MIGRATION_2026_copy_2026-02-08__002151\phase_04\runs\legacy_top_level_pre_phase_layout__2026-02-07__185705\runs\phase4\02-07-2026__041d331b\debug\INVENTORY_DEBUG_02-07-2026__041d331b.txt","C:\RH\OPS\PROJECTS\RH_MIGRATION_2026_V2\agent_assets\scratch\scratchpad\RH_MIGRATION_2026_copy_2026-02-08__002151\phase_04\runs\legacy_top_level_pre_phase_layout__2026-02-07__185705\runs\phase4\02-07-2026__041d331b\debug\INVENTORY_DEBUG_02-07-2026__041d331b.txt","E3B0C44298FC1C149AFBF4C8996FB92427AE41E4649B934CA495991B7852B855","0","2026-02-07T15:08:25-06:00"
"C:\RH\OPS\scratchpad\RH_MIGRATION_2026_copy_2026-02-08__002151\phase_04\runs\legacy_top_level_pre_phase_layout__2026-02-07__185705\runs\phase4\02-07-2026__2cac59ae\debug\INVENTORY_DEBUG_02-07-2026__2cac59ae.txt","C:\RH\OPS\PROJECTS\RH_MIGRATION_2026_V2\agent_assets\scratch\scratchpad\RH_MIGRATION_2026_copy_2026-02-08__002151\phase_04\runs\legacy_top_level_pre_phase_layout__2026-02-07__185705\runs\phase4\02-07-2026__2cac59ae\debug\INVENTORY_DEBUG_02-07-2026__2cac59ae.txt","552DB5FB17AD1300E95BACD1F6ABC6253E6E7C4AC2F02567AA06734C411456F7","9604","2026-02-07T12:29:44-06:00"
"C:\RH\OPS\scratchpad\RH_MIGRATION_2026_copy_2026-02-08__002151\phase_04\runs\legacy_top_level_pre_phase_layout__2026-02-07__185705\runs\phase4\02-07-2026__33e43dd8\debug\INVENTORY_DEBUG_02-07-2026__33e43dd8.txt","C:\RH\OPS\PROJECTS\RH_MIGRATION_2026_V2\agent_assets\scratch\scratchpad\RH_MIGRATION_2026_copy_2026-02-08__002151\phase_04\runs\legacy_top_level_pre_phase_layout__2026-02-07__185705\runs\phase4\02-07-2026__33e43dd8\debug\INVENTORY_DEBUG_02-07-2026__33e43dd8.txt","11C5E4F01B25F82B2D9664B1C2FA7F88376C8DF99498DC93554C07F959494BAF","9711","2026-02-07T14:24:27-06:00"
"C:\RH\OPS\scratchpad\RH_MIGRATION_2026_copy_2026-02-08__002151\phase_04\runs\legacy_top_level_pre_phase_layout__2026-02-07__185705\runs\phase4\02-07-2026__35881b9b\debug\INVENTORY_DEBUG_02-07-2026__35881b9b.txt","C:\RH\OPS\PROJECTS\RH_MIGRATION_2026_V2\agent_assets\scratch\scratchpad\RH_MIGRATION_2026_copy_2026-02-08__002151\phase_04\runs\legacy_top_level_pre_phase_layout__2026-02-07__185705\runs\phase4\02-07-2026__35881b9b\debug\INVENTORY_DEBUG_02-07-2026__35881b9b.txt","552DB5FB17AD1300E95BACD1F6ABC6253E6E7C4AC2F02567AA06734C411456F7","9604","2026-02-07T13:52:39-06:00"
"C:\RH\OPS\scratchpad\RH_MIGRATION_2026_copy_2026-02-08__002151\phase_04\runs\legacy_top_level_pre_phase_layout__2026-02-07__185705\runs\phase4\02-07-2026__361984ec\debug\INVENTORY_DEBUG_02-07-2026__361984ec.txt","C:\RH\OPS\PROJECTS\RH_MIGRATION_2026_V2\agent_assets\scratch\scratchpad\RH_MIGRATION_2026_copy_2026-02-08__002151\phase_04\runs\legacy_top_level_pre_phase_layout__2026-02-07__185705\runs\phase4\02-07-2026__361984ec\debug\INVENTORY_DEBUG_02-07-2026__361984ec.txt","D8930E4CAAF97364A16F6C5CFB693147510F77096ACC23B068A231311E146BC6","107","2026-02-07T12:18:46-06:00"
"C:\RH\OPS\scratchpad\RH_MIGRATION_2026_copy_2026-02-08__002151\phase_04\runs\legacy_top_level_pre_phase_layout__2026-02-07__185705\runs\phase4\02-07-2026__67c072ac\debug\INVENTORY_DEBUG_02-07-2026__67c072ac.txt","C:\RH\OPS\PROJECTS\RH_MIGRATION_2026_V2\agent_assets\scratch\scratchpad\RH_MIGRATION_2026_copy_2026-02-08__002151\phase_04\runs\legacy_top_level_pre_phase_layout__2026-02-07__185705\runs\phase4\02-07-2026__67c072ac\debug\INVENTORY_DEBUG_02-07-2026__67c072ac.txt","552DB5FB17AD1300E95BACD1F6ABC6253E6E7C4AC2F02567AA06734C411456F7","9604","2026-02-07T13:55:35-06:00"
"C:\RH\OPS\scratchpad\RH_MIGRATION_2026_copy_2026-02-08__002151\phase_04\runs\legacy_top_level_pre_phase_layout__2026-02-07__185705\runs\phase4\02-07-2026__84f6673b\notes\PHASE4_EVIDENCE_02-07-2026__84f6673b\PHASE4_SUMMARY_02-07-2026__84f6673b.txt","C:\RH\OPS\PROJECTS\RH_MIGRATION_2026_V2\agent_assets\scratch\scratchpad\RH_MIGRATION_2026_copy_2026-02-08__002151\phase_04\runs\legacy_top_level_pre_phase_layout__2026-02-07__185705\runs\phase4\02-07-2026__84f6673b\notes\PHASE4_EVIDENCE_02-07-2026__84f6673b\PHASE4_SUMMARY_02-07-2026__84f6673b.txt","5F775E96663AB1BB542F5C8F4920D10F78DA98F6D38C685519A0B23CA3C03BAF","822","2026-02-07T14:25:38-06:00"
"C:\RH\OPS\scratchpad\RH_MIGRATION_2026_copy_2026-02-08__002151\phase_04\runs\legacy_top_level_pre_phase_layout__2026-02-07__185705\runs\phase4\02-07-2026__84f6673b\summary\PHASE4_SUMMARY_02-07-2026__84f6673b.txt","C:\RH\OPS\PROJECTS\RH_MIGRATION_2026_V2\agent_assets\scratch\scratchpad\RH_MIGRATION_2026_copy_2026-02-08__002151\phase_04\runs\legacy_top_level_pre_phase_layout__2026-02-07__185705\runs\phase4\02-07-2026__84f6673b\summary\PHASE4_SUMMARY_02-07-2026__84f6673b.txt","5F775E96663AB1BB542F5C8F4920D10F78DA98F6D38C685519A0B23CA3C03BAF","822","2026-02-07T14:25:38-06:00"
"C:\RH\OPS\scratchpad\RH_MIGRATION_2026_copy_2026-02-08__002151\phase_04\runs\legacy_top_level_pre_phase_layout__2026-02-07__185705\runs\phase4\02-07-2026__8829d4ed\summary\PHASE4_SUMMARY_02-07-2026__8829d4ed.txt","C:\RH\OPS\PROJECTS\RH_MIGRATION_2026_V2\agent_assets\scratch\scratchpad\RH_MIGRATION_2026_copy_2026-02-08__002151\phase_04\runs\legacy_top_level_pre_phase_layout__2026-02-07__185705\runs\phase4\02-07-2026__8829d4ed\summary\PHASE4_SUMMARY_02-07-2026__8829d4ed.txt","5F775E96663AB1BB542F5C8F4920D10F78DA98F6D38C685519A0B23CA3C03BAF","822","2026-02-07T14:24:40-06:00"
"C:\RH\OPS\scratchpad\RH_MIGRATION_2026_copy_2026-02-08__002151\phase_04\runs\legacy_top_level_pre_phase_layout__2026-02-07__185705\runs\phase4\02-07-2026__96efc448\summary\PHASE4_SUMMARY_02-07-2026__96efc448.txt","C:\RH\OPS\PROJECTS\RH_MIGRATION_2026_V2\agent_assets\scratch\scratchpad\RH_MIGRATION_2026_copy_2026-02-08__002151\phase_04\runs\legacy_top_level_pre_phase_layout__2026-02-07__185705\runs\phase4\02-07-2026__96efc448\summary\PHASE4_SUMMARY_02-07-2026__96efc448.txt","5F775E96663AB1BB542F5C8F4920D10F78DA98F6D38C685519A0B23CA3C03BAF","822","2026-02-07T14:57:20-06:00"
"C:\RH\OPS\scratchpad\RH_MIGRATION_2026_copy_2026-02-08__002151\phase_04\runs\legacy_top_level_pre_phase_layout__2026-02-07__185705\runs\phase4\02-07-2026__9d1fa9f7\debug\INVENTORY_DEBUG_02-07-2026__9d1fa9f7.txt","C:\RH\OPS\PROJECTS\RH_MIGRATION_2026_V2\agent_assets\scratch\scratchpad\RH_MIGRATION_2026_copy_2026-02-08__002151\phase_04\runs\legacy_top_level_pre_phase_layout__2026-02-07__185705\runs\phase4\02-07-2026__9d1fa9f7\debug\INVENTORY_DEBUG_02-07-2026__9d1fa9f7.txt","11C5E4F01B25F82B2D9664B1C2FA7F88376C8DF99498DC93554C07F959494BAF","9711","2026-02-07T14:57:08-06:00"
"C:\RH\OPS\scratchpad\RH_MIGRATION_2026_copy_2026-02-08__002151\phase_04\runs\legacy_top_level_pre_phase_layout__2026-02-07__185705\runs\phase4\02-07-2026__9df29122\debug\INVENTORY_DEBUG_02-07-2026__9df29122.txt","C:\RH\OPS\PROJECTS\RH_MIGRATION_2026_V2\agent_assets\scratch\scratchpad\RH_MIGRATION_2026_copy_2026-02-08__002151\phase_04\runs\legacy_top_level_pre_phase_layout__2026-02-07__185705\runs\phase4\02-07-2026__9df29122\debug\INVENTORY_DEBUG_02-07-2026__9df29122.txt","11C5E4F01B25F82B2D9664B1C2FA7F88376C8DF99498DC93554C07F959494BAF","9711","2026-02-07T14:11:00-06:00"
"C:\RH\OPS\scratchpad\RH_MIGRATION_2026_copy_2026-02-08__002151\phase_04\runs\legacy_top_level_pre_phase_layout__2026-02-07__185705\runs\phase4\02-07-2026__a2936e97\summary\PHASE4_SUMMARY_02-07-2026__a2936e97.txt","C:\RH\OPS\PROJECTS\RH_MIGRATION_2026_V2\agent_assets\scratch\scratchpad\RH_MIGRATION_2026_copy_2026-02-08__002151\phase_04\runs\legacy_top_level_pre_phase_layout__2026-02-07__185705\runs\phase4\02-07-2026__a2936e97\summary\PHASE4_SUMMARY_02-07-2026__a2936e97.txt","A6393C420AA67073E53643CBAD2075CD91D78F56738B185D32F94BFEE5F98D72","715","2026-02-07T14:11:11-06:00"
"C:\RH\OPS\scratchpad\RH_MIGRATION_2026_copy_2026-02-08__002151\phase_04\runs\legacy_top_level_pre_phase_layout__2026-02-07__185705\runs\phase4\02-07-2026__a88c4efd\debug\INVENTORY_DEBUG_02-07-2026__a88c4efd.txt","C:\RH\OPS\PROJECTS\RH_MIGRATION_2026_V2\agent_assets\scratch\scratchpad\RH_MIGRATION_2026_copy_2026-02-08__002151\phase_04\runs\legacy_top_level_pre_phase_layout__2026-02-07__185705\runs\phase4\02-07-2026__a88c4efd\debug\INVENTORY_DEBUG_02-07-2026__a88c4efd.txt","E3B0C44298FC1C149AFBF4C8996FB92427AE41E4649B934CA495991B7852B855","0","2026-02-07T15:14:58-06:00"
"C:\RH\OPS\scratchpad\RH_MIGRATION_2026_copy_2026-02-08__002151\phase_04\runs\legacy_top_level_pre_phase_layout__2026-02-07__185705\runs\phase4\02-07-2026__ba341236\summary\PHASE4_SUMMARY_02-07-2026__ba341236.txt","C:\RH\OPS\PROJECTS\RH_MIGRATION_2026_V2\agent_assets\scratch\scratchpad\RH_MIGRATION_2026_copy_2026-02-08__002151\phase_04\runs\legacy_top_level_pre_phase_layout__2026-02-07__185705\runs\phase4\02-07-2026__ba341236\summary\PHASE4_SUMMARY_02-07-2026__ba341236.txt","03D3CCF000DB0D7EE82C22B09F6CE09C9EC2EC7E56C8A743978849EF6FB716C3","718","2026-02-07T13:52:50-06:00"
"C:\RH\OPS\scratchpad\RH_MIGRATION_2026_copy_2026-02-08__002151\phase_04\runs\legacy_top_level_pre_phase_layout__2026-02-07__185705\runs\phase4\02-07-2026__c134b779\summary\PHASE4_SUMMARY_02-07-2026__c134b779.txt","C:\RH\OPS\PROJECTS\RH_MIGRATION_2026_V2\agent_assets\scratch\scratchpad\RH_MIGRATION_2026_copy_2026-02-08__002151\phase_04\runs\legacy_top_level_pre_phase_layout__2026-02-07__185705\runs\phase4\02-07-2026__c134b779\summary\PHASE4_SUMMARY_02-07-2026__c134b779.txt","54A016B1E637129F89CAD5E622DAC1C37396A0EF406F5F0E778B8FA382B2B1AA","794","2026-02-07T15:14:58-06:00"
"C:\RH\OPS\scratchpad\RH_MIGRATION_2026_copy_2026-02-08__002151\phase_04\runs\legacy_top_level_pre_phase_layout__2026-02-07__185705\runs\phase4\02-07-2026__fce8dc8b\summary\PHASE4_SUMMARY_02-07-2026__fce8dc8b.txt","C:\RH\OPS\PROJECTS\RH_MIGRATION_2026_V2\agent_assets\scratch\scratchpad\RH_MIGRATION_2026_copy_2026-02-08__002151\phase_04\runs\legacy_top_level_pre_phase_layout__2026-02-07__185705\runs\phase4\02-07-2026__fce8dc8b\summary\PHASE4_SUMMARY_02-07-2026__fce8dc8b.txt","54A016B1E637129F89CAD5E622DAC1C37396A0EF406F5F0E778B8FA382B2B1AA","794","2026-02-07T15:08:26-06:00"
"C:\RH\OPS\scratchpad\RH_MIGRATION_2026_copy_2026-02-08__002151\phase_04\runs\legacy_top_level_pre_phase_layout__2026-02-07__185705\runs\phase4\02-07-2026__NOHASH\debug\INVENTORY_DEBUG_02-07-2026.txt","C:\RH\OPS\PROJECTS\RH_MIGRATION_2026_V2\agent_assets\scratch\scratchpad\RH_MIGRATION_2026_copy_2026-02-08__002151\phase_04\runs\legacy_top_level_pre_phase_layout__2026-02-07__185705\runs\phase4\02-07-2026__NOHASH\debug\INVENTORY_DEBUG_02-07-2026.txt","D8930E4CAAF97364A16F6C5CFB693147510F77096ACC23B068A231311E146BC6","107","2026-02-07T12:24:52-06:00"
"C:\RH\OPS\scratchpad\RH_MIGRATION_2026_copy_2026-02-08__002151\phase_04\runs\legacy_top_level_pre_phase_layout__2026-02-07__185705\runs\phase4\02-07-2026__NOHASH\summary\PHASE4_SUMMARY_02-07-2026.txt","C:\RH\OPS\PROJECTS\RH_MIGRATION_2026_V2\agent_assets\scratch\scratchpad\RH_MIGRATION_2026_copy_2026-02-08__002151\phase_04\runs\legacy_top_level_pre_phase_layout__2026-02-07__185705\runs\phase4\02-07-2026__NOHASH\summary\PHASE4_SUMMARY_02-07-2026.txt","1BD74B8D5DF62932F5C287FFA14BEB131B3687D59BFD25F3F2A3A95C049BFB89","716","2026-02-07T13:55:47-06:00"
"C:\RH\OPS\scratchpad\RH_MIGRATION_2026_copy_2026-02-08__002151\phase_04\runs\legacy_top_level_pre_phase_layout__2026-02-07__185705\runs\phase4\2026-02-06__12-57-33\summary\PHASE4_SUMMARY_2026-02-06_12-57-33.txt","C:\RH\OPS\PROJECTS\RH_MIGRATION_2026_V2\agent_assets\scratch\scratchpad\RH_MIGRATION_2026_copy_2026-02-08__002151\phase_04\runs\legacy_top_level_pre_phase_layout__2026-02-07__185705\runs\phase4\2026-02-06__12-57-33\summary\PHASE4_SUMMARY_2026-02-06_12-57-33.txt","DF6DE037ADCF55FF2B450D64065964ABD8FB1DB7FBE319EE8F2A8716EA291039","5456","2026-02-06T12:57:34-06:00"
"C:\RH\OPS\scratchpad\RH_MIGRATION_2026_copy_2026-02-08__002151\phase_04\runs\legacy\misc\logs\phase2_cleanup_log_02-07-2026.txt","C:\RH\OPS\PROJECTS\RH_MIGRATION_2026_V2\agent_assets\scratch\scratchpad\RH_MIGRATION_2026_copy_2026-02-08__002151\phase_04\runs\legacy\misc\logs\phase2_cleanup_log_02-07-2026.txt","4433820F30A4CAB926E45A68493D6526E2175DA8653B2479F72AEDD248DC5581","33025","2026-02-07T16:37:46-06:00"
"C:\RH\OPS\scratchpad\RH_MIGRATION_2026_copy_2026-02-08__002151\phase_04\runs\legacy\misc\reports\RH_TREE_FOLDERS_ONLY.txt","C:\RH\OPS\PROJECTS\RH_MIGRATION_2026_V2\agent_assets\scratch\scratchpad\RH_MIGRATION_2026_copy_2026-02-08__002151\phase_04\runs\legacy\misc\reports\RH_TREE_FOLDERS_ONLY.txt","940C2E2336F681555C101AAC1200A26C4E46D1C7D5222DD0D813166636B21B23","77715","2026-02-06T14:50:36-06:00"
"C:\RH\OPS\scratchpad\RH_MIGRATION_2026_copy_2026-02-08__002151\phase_06\artifacts\inbox_trash_cleanup_report_02-07-2026.md","C:\RH\OPS\PROJECTS\RH_MIGRATION_2026_V2\agent_assets\scratch\scratchpad\RH_MIGRATION_2026_copy_2026-02-08__002151\phase_06\artifacts\inbox_trash_cleanup_report_02-07-2026.md","1C6AA80449B73A4EB605A0A517372EAC64608DEFD913D642AD63C110497858C2","2532","2026-02-07T23:14:08-06:00"
"C:\RH\OPS\scratchpad\RH_MIGRATION_2026_copy_2026-02-08__002151\phase_06\artifacts\phase_6_dryrun_diff_02-07-2026.md","C:\RH\OPS\PROJECTS\RH_MIGRATION_2026_V2\agent_assets\scratch\scratchpad\RH_MIGRATION_2026_copy_2026-02-08__002151\phase_06\artifacts\phase_6_dryrun_diff_02-07-2026.md","B549B05158473586FDC9B2C691DABEDC0C10319071F3FBDCAC79A3CCEBDE8EB5","11892","2026-02-07T19:00:06-06:00"
"C:\RH\OPS\scratchpad\RH_MIGRATION_2026_copy_2026-02-08__002151\phase_06\artifacts\rh_root_after_target_02-07-2026.txt","C:\RH\OPS\PROJECTS\RH_MIGRATION_2026_V2\agent_assets\scratch\scratchpad\RH_MIGRATION_2026_copy_2026-02-08__002151\phase_06\artifacts\rh_root_after_target_02-07-2026.txt","2CABDCE9EAAB58AB0FA6403CDA18EE1096CB3F39E90CA5139964EAADE3BBF5C0","42","2026-02-07T23:01:09-06:00"
"C:\RH\OPS\scratchpad\RH_MIGRATION_2026_copy_2026-02-08__002151\phase_06\artifacts\rh_root_before_02-07-2026.txt","C:\RH\OPS\PROJECTS\RH_MIGRATION_2026_V2\agent_assets\scratch\scratchpad\RH_MIGRATION_2026_copy_2026-02-08__002151\phase_06\artifacts\rh_root_before_02-07-2026.txt","430C001AEE73DA48C37A49816026D875AF886077235F664C67DF05A6F5CFF7BA","134","2026-02-07T23:01:09-06:00"
"C:\RH\OPS\scratchpad\RH_MIGRATION_2026_copy_2026-02-08__002151\phase_06\artifacts\rh_root_before_execute_02-07-2026__230509.txt","C:\RH\OPS\PROJECTS\RH_MIGRATION_2026_V2\agent_assets\scratch\scratchpad\RH_MIGRATION_2026_copy_2026-02-08__002151\phase_06\artifacts\rh_root_before_execute_02-07-2026__230509.txt","2324F68126407ED0B874E49D38A558979FBDF2A3AAF45D9307A6AED797C735B8","143","2026-02-07T23:05:09-06:00"
"C:\RH\OPS\scratchpad\RH_MIGRATION_2026_copy_2026-02-08__002151\phase_06\artifacts\rh_root_top_02-07-2026__225411.txt","C:\RH\OPS\PROJECTS\RH_MIGRATION_2026_V2\agent_assets\scratch\scratchpad\RH_MIGRATION_2026_copy_2026-02-08__002151\phase_06\artifacts\rh_root_top_02-07-2026__225411.txt","8A359CB2AA8F16F6D21B7351A1E71B9D85B1DE9855074ABB272B4BF2117FFFBE","587","2026-02-07T22:54:12-06:00"
"C:\RH\OPS\scratchpad\RH_MIGRATION_2026_copy_2026-02-08__002151\phase_06\artifacts\rh_root_violations_02-07-2026__225411.txt","C:\RH\OPS\PROJECTS\RH_MIGRATION_2026_V2\agent_assets\scratch\scratchpad\RH_MIGRATION_2026_copy_2026-02-08__002151\phase_06\artifacts\rh_root_violations_02-07-2026__225411.txt","CB9B81F0F65526DCF5376DE8DFD5C4FE0A12ECA4F9856A0C67373DF990E7A19D","226","2026-02-07T22:54:12-06:00"
"C:\RH\OPS\scratchpad\RH_MIGRATION_2026_copy_2026-02-08__002151\phase_06\artifacts\rh_tree_dirs_only_02-07-2026__225411.txt","C:\RH\OPS\PROJECTS\RH_MIGRATION_2026_V2\agent_assets\scratch\scratchpad\RH_MIGRATION_2026_copy_2026-02-08__002151\phase_06\artifacts\rh_tree_dirs_only_02-07-2026__225411.txt","792083EBC69A90D09527756AE9BA2CD26DFC4971E0D5A93AEA0C4F880202A20F","388263","2026-02-07T22:54:12-06:00"
"C:\RH\OPS\scratchpad\RH_MIGRATION_2026_copy_2026-02-08__002151\phase_06\artifacts\universe_fix_final_locations_02-07-2026.md","C:\RH\OPS\PROJECTS\RH_MIGRATION_2026_V2\agent_assets\scratch\scratchpad\RH_MIGRATION_2026_copy_2026-02-08__002151\phase_06\artifacts\universe_fix_final_locations_02-07-2026.md","25EE446E547B3781B3C65D7CB058A8AAFEBAA6B699C5E0ECBF3DCA9EE390F1EB","1202","2026-02-07T23:09:17-06:00"
"C:\RH\OPS\scratchpad\RH_MIGRATION_2026_copy_2026-02-08__002151\phase_06\artifacts\universe_fix_plan_02-07-2026.md","C:\RH\OPS\PROJECTS\RH_MIGRATION_2026_V2\agent_assets\scratch\scratchpad\RH_MIGRATION_2026_copy_2026-02-08__002151\phase_06\artifacts\universe_fix_plan_02-07-2026.md","8A4C90D6E3D83839D1B2DB82194AE44D55F41807B261144D32B8617D582E698B","3771","2026-02-07T23:01:47-06:00"
"C:\RH\OPS\scratchpad\RH_MIGRATION_2026_copy_2026-02-08__002151\phase_06\docs\_182747_summary_02-07-2026.md","C:\RH\OPS\PROJECTS\RH_MIGRATION_2026_V2\agent_assets\scratch\scratchpad\RH_MIGRATION_2026_copy_2026-02-08__002151\phase_06\docs\_182747_summary_02-07-2026.md","774DA7FBFD9DC7C70383A8269FD457D20EB5A2585B29FC3EF83BF7B9ACE4F065","529","2026-02-07T18:27:50-06:00"
"C:\RH\OPS\scratchpad\RH_MIGRATION_2026_copy_2026-02-08__002151\phase_06\docs\_182834_summary_02-07-2026.md","C:\RH\OPS\PROJECTS\RH_MIGRATION_2026_V2\agent_assets\scratch\scratchpad\RH_MIGRATION_2026_copy_2026-02-08__002151\phase_06\docs\_182834_summary_02-07-2026.md","3F0542E56797DA4C1257754D34D38AAD39D45A881C639E2AFEF0572198873670","530","2026-02-07T18:28:51-06:00"
"C:\RH\OPS\scratchpad\RH_MIGRATION_2026_copy_2026-02-08__002151\phase_06\docs\_182958_summary_02-07-2026.md","C:\RH\OPS\PROJECTS\RH_MIGRATION_2026_V2\agent_assets\scratch\scratchpad\RH_MIGRATION_2026_copy_2026-02-08__002151\phase_06\docs\_182958_summary_02-07-2026.md","9080724316D7A7B5FD500B4EE194004CA07C813861A010B019BFDB5B7A3001E8","2378","2026-02-07T19:13:50-06:00"
"C:\RH\OPS\scratchpad\RH_MIGRATION_2026_copy_2026-02-08__002151\phase_06\docs\_183132_summary_02-07-2026.md","C:\RH\OPS\PROJECTS\RH_MIGRATION_2026_V2\agent_assets\scratch\scratchpad\RH_MIGRATION_2026_copy_2026-02-08__002151\phase_06\docs\_183132_summary_02-07-2026.md","C3DC4F647521985CBE0F59D436640D2B1C3B2231708873E06F87792DD6A5F0DA","1628","2026-02-07T19:13:50-06:00"
"C:\RH\OPS\scratchpad\RH_MIGRATION_2026_copy_2026-02-08__002151\phase_06\docs\_185502_summary_02-07-2026.md","C:\RH\OPS\PROJECTS\RH_MIGRATION_2026_V2\agent_assets\scratch\scratchpad\RH_MIGRATION_2026_copy_2026-02-08__002151\phase_06\docs\_185502_summary_02-07-2026.md","B5B313E71ED0C0A327A44CB0616B270BABA926AB1624EFBDDBCE8E33639EF0F6","10165","2026-02-07T19:13:50-06:00"
"C:\RH\OPS\scratchpad\RH_MIGRATION_2026_copy_2026-02-08__002151\phase_06\docs\BASELINE__2026-02-07__185502__summary.md","C:\RH\OPS\PROJECTS\RH_MIGRATION_2026_V2\agent_assets\scratch\scratchpad\RH_MIGRATION_2026_copy_2026-02-08__002151\phase_06\docs\BASELINE__2026-02-07__185502__summary.md","B5B313E71ED0C0A327A44CB0616B270BABA926AB1624EFBDDBCE8E33639EF0F6","10165","2026-02-07T19:13:50-06:00"
"C:\RH\OPS\scratchpad\RH_MIGRATION_2026_copy_2026-02-08__002151\phase_06\docs\canonical_directory_map_02-07-2026.md","C:\RH\OPS\PROJECTS\RH_MIGRATION_2026_V2\agent_assets\scratch\scratchpad\RH_MIGRATION_2026_copy_2026-02-08__002151\phase_06\docs\canonical_directory_map_02-07-2026.md","72AE722DD3E0BD17AA38CA3B19D1BD8128E2251649794CD67A7FDED74460D837","378","2026-02-07T19:13:50-06:00"
"C:\RH\OPS\scratchpad\RH_MIGRATION_2026_copy_2026-02-08__002151\phase_06\docs\phase_6_summary_02-07-2026.md","C:\RH\OPS\PROJECTS\RH_MIGRATION_2026_V2\agent_assets\scratch\scratchpad\RH_MIGRATION_2026_copy_2026-02-08__002151\phase_06\docs\phase_6_summary_02-07-2026.md","01AF8D6A0390903EE8A32F5F7CE9F50A24EDBC8146D0A908E1D6066EABFDE4FA","1112","2026-02-07T20:08:38-06:00"
"C:\RH\OPS\scratchpad\RH_MIGRATION_2026_copy_2026-02-08__002151\phase_06\runs\2026-02-07__182747\summary.md","C:\RH\OPS\PROJECTS\RH_MIGRATION_2026_V2\agent_assets\scratch\scratchpad\RH_MIGRATION_2026_copy_2026-02-08__002151\phase_06\runs\2026-02-07__182747\summary.md","774DA7FBFD9DC7C70383A8269FD457D20EB5A2585B29FC3EF83BF7B9ACE4F065","529","2026-02-07T18:27:50-06:00"
"C:\RH\OPS\scratchpad\RH_MIGRATION_2026_copy_2026-02-08__002151\phase_06\runs\2026-02-07__182834\summary.md","C:\RH\OPS\PROJECTS\RH_MIGRATION_2026_V2\agent_assets\scratch\scratchpad\RH_MIGRATION_2026_copy_2026-02-08__002151\phase_06\runs\2026-02-07__182834\summary.md","3F0542E56797DA4C1257754D34D38AAD39D45A881C639E2AFEF0572198873670","530","2026-02-07T18:28:51-06:00"
"C:\RH\OPS\scratchpad\RH_MIGRATION_2026_copy_2026-02-08__002151\phase_06\runs\2026-02-07__182958\summary.md","C:\RH\OPS\PROJECTS\RH_MIGRATION_2026_V2\agent_assets\scratch\scratchpad\RH_MIGRATION_2026_copy_2026-02-08__002151\phase_06\runs\2026-02-07__182958\summary.md","9080724316D7A7B5FD500B4EE194004CA07C813861A010B019BFDB5B7A3001E8","2378","2026-02-07T19:13:50-06:00"
"C:\RH\OPS\scratchpad\RH_MIGRATION_2026_copy_2026-02-08__002151\phase_06\runs\2026-02-07__183132\summary.md","C:\RH\OPS\PROJECTS\RH_MIGRATION_2026_V2\agent_assets\scratch\scratchpad\RH_MIGRATION_2026_copy_2026-02-08__002151\phase_06\runs\2026-02-07__183132\summary.md","C3DC4F647521985CBE0F59D436640D2B1C3B2231708873E06F87792DD6A5F0DA","1628","2026-02-07T19:13:50-06:00"
"C:\RH\OPS\scratchpad\RH_MIGRATION_2026_copy_2026-02-08__002151\phase_06\runs\2026-02-07__185502\summary.md","C:\RH\OPS\PROJECTS\RH_MIGRATION_2026_V2\agent_assets\scratch\scratchpad\RH_MIGRATION_2026_copy_2026-02-08__002151\phase_06\runs\2026-02-07__185502\summary.md","B5B313E71ED0C0A327A44CB0616B270BABA926AB1624EFBDDBCE8E33639EF0F6","10165","2026-02-07T19:13:50-06:00"
"C:\RH\OPS\scratchpad\RH_MIGRATION_2026_copy_2026-02-08__002151\phase_06\runs\BASELINE__2026-02-07__185502\summary.md","C:\RH\OPS\PROJECTS\RH_MIGRATION_2026_V2\agent_assets\scratch\scratchpad\RH_MIGRATION_2026_copy_2026-02-08__002151\phase_06\runs\BASELINE__2026-02-07__185502\summary.md","B5B313E71ED0C0A327A44CB0616B270BABA926AB1624EFBDDBCE8E33639EF0F6","10165","2026-02-07T19:13:50-06:00"
"C:\RH\OPS\scratchpad\RH_MIGRATION_2026_copy_2026-02-08__002151\phase_06\runs\phase6_1_downloads\2026-02-07__191558\summary.md","C:\RH\OPS\PROJECTS\RH_MIGRATION_2026_V2\agent_assets\scratch\scratchpad\RH_MIGRATION_2026_copy_2026-02-08__002151\phase_06\runs\phase6_1_downloads\2026-02-07__191558\summary.md","9DAF97BDA283F951589722A689A9DF7958E4130CCFC027BABB4564CD42E27C2C","1127","2026-02-07T19:16:02-06:00"
"C:\RH\OPS\scratchpad\RH_MIGRATION_2026_copy_2026-02-08__002151\phase_06\runs\phase6_1_downloads\2026-02-07__191717\summary.md","C:\RH\OPS\PROJECTS\RH_MIGRATION_2026_V2\agent_assets\scratch\scratchpad\RH_MIGRATION_2026_copy_2026-02-08__002151\phase_06\runs\phase6_1_downloads\2026-02-07__191717\summary.md","5653EF6BA395BED8C7A853F43A831AD6F6DD3A3CCA798EAEF2CEE14CAA9C3F65","1102","2026-02-07T19:17:22-06:00"
"C:\RH\OPS\scratchpad\RH_MIGRATION_2026_copy_2026-02-08__002151\phase_06\runs\phase6_1_downloads\2026-02-07__200733\summary.md","C:\RH\OPS\PROJECTS\RH_MIGRATION_2026_V2\agent_assets\scratch\scratchpad\RH_MIGRATION_2026_copy_2026-02-08__002151\phase_06\runs\phase6_1_downloads\2026-02-07__200733\summary.md","8B40BDF5262D21C45A54609B7AD67231D289480AEF8CBE0FBE434F381DC06C0D","1167","2026-02-07T20:07:37-06:00"
"C:\RH\OPS\scratchpad\RH_MIGRATION_2026_copy_2026-02-08__002151\phase_06\runs\phase6\2026-02-07__185841\summary.md","C:\RH\OPS\PROJECTS\RH_MIGRATION_2026_V2\agent_assets\scratch\scratchpad\RH_MIGRATION_2026_copy_2026-02-08__002151\phase_06\runs\phase6\2026-02-07__185841\summary.md","D0335C52794317A0192ECEB246369FC3D152F9B832DAB40994B2C2E116142501","16145","2026-02-07T19:13:50-06:00"
"C:\RH\OPS\scratchpad\RH_MIGRATION_2026_copy_2026-02-08__002151\phase_06\runs\phase6\2026-02-07__191339\summary.md","C:\RH\OPS\PROJECTS\RH_MIGRATION_2026_V2\agent_assets\scratch\scratchpad\RH_MIGRATION_2026_copy_2026-02-08__002151\phase_06\runs\phase6\2026-02-07__191339\summary.md","6BF5B46D0CEDCD6D39B47955D3900FE75EDFA72197A874FFCD51DEA39DFF7310","2508","2026-02-07T19:13:52-06:00"
"C:\RH\OPS\scratchpad\RH_MIGRATION_2026_copy_2026-02-08__002151\phase_06\runs\phase6b2_knownfolders\2026-02-07__195007\key-dump.txt","C:\RH\OPS\PROJECTS\RH_MIGRATION_2026_V2\agent_assets\scratch\scratchpad\RH_MIGRATION_2026_copy_2026-02-08__002151\phase_06\runs\phase6b2_knownfolders\2026-02-07__195007\key-dump.txt","AA4CE354308208C5E2D663B2B099351DF6181A334B6C08581EA00F100C6496F5","4308","2026-02-07T19:50:07-06:00"
"C:\RH\OPS\scratchpad\RH_MIGRATION_2026_copy_2026-02-08__002151\phase_06\runs\phase6b2_knownfolders\2026-02-07__195007\phase_6b_2_plan_02-07-2026.md","C:\RH\OPS\PROJECTS\RH_MIGRATION_2026_V2\agent_assets\scratch\scratchpad\RH_MIGRATION_2026_copy_2026-02-08__002151\phase_06\runs\phase6b2_knownfolders\2026-02-07__195007\phase_6b_2_plan_02-07-2026.md","F53D320D9F0C6A29E24FABC440530A2275EDCB53ABCB196A76CF28AA508C5B55","686","2026-02-07T19:50:07-06:00"
"C:\RH\OPS\scratchpad\RH_MIGRATION_2026_copy_2026-02-08__002151\phase_06\runs\phase6b2_knownfolders\2026-02-07__195007\phase_6b_2_summary_02-07-2026.md","C:\RH\OPS\PROJECTS\RH_MIGRATION_2026_V2\agent_assets\scratch\scratchpad\RH_MIGRATION_2026_copy_2026-02-08__002151\phase_06\runs\phase6b2_knownfolders\2026-02-07__195007\phase_6b_2_summary_02-07-2026.md","56C9872108E5E2B013552B3CCA5B266F887FD0BE861B0FA5FCA039A4E6BBDB7C","838","2026-02-07T19:50:07-06:00"
"C:\RH\OPS\scratchpad\RH_MIGRATION_2026_copy_2026-02-08__002151\phase_06\runs\phase6b2_knownfolders\2026-02-07__195007\results.md","C:\RH\OPS\PROJECTS\RH_MIGRATION_2026_V2\agent_assets\scratch\scratchpad\RH_MIGRATION_2026_copy_2026-02-08__002151\phase_06\runs\phase6b2_knownfolders\2026-02-07__195007\results.md","DC62BF16A162BDC2F9A78F9EDEDCEDAFCE3B4EAEB36D15617BB2B4C869A1648E","28","2026-02-07T19:50:07-06:00"
"C:\RH\OPS\scratchpad\RH_MIGRATION_2026_copy_2026-02-08__002151\phase_06\runs\phase6b2_knownfolders\2026-02-07__195533\key-dump.txt","C:\RH\OPS\PROJECTS\RH_MIGRATION_2026_V2\agent_assets\scratch\scratchpad\RH_MIGRATION_2026_copy_2026-02-08__002151\phase_06\runs\phase6b2_knownfolders\2026-02-07__195533\key-dump.txt","181D0F4DDFE68DF543B50DC3DE982E821AD6BF1B4EB4A72A1419DA0F5B03FC1C","4380","2026-02-07T19:55:34-06:00"
"C:\RH\OPS\scratchpad\RH_MIGRATION_2026_copy_2026-02-08__002151\phase_06\runs\phase6b2_knownfolders\2026-02-07__195533\phase_6b_2_plan_02-07-2026.md","C:\RH\OPS\PROJECTS\RH_MIGRATION_2026_V2\agent_assets\scratch\scratchpad\RH_MIGRATION_2026_copy_2026-02-08__002151\phase_06\runs\phase6b2_knownfolders\2026-02-07__195533\phase_6b_2_plan_02-07-2026.md","1F23F4FF5E0DE797F7522B70F58B3C1F35891CA57D62B8F0B6216796A29DA4BD","687","2026-02-07T19:55:33-06:00"
"C:\RH\OPS\scratchpad\RH_MIGRATION_2026_copy_2026-02-08__002151\phase_06\runs\phase6b2_knownfolders\2026-02-07__195533\phase_6b_2_summary_02-07-2026.md","C:\RH\OPS\PROJECTS\RH_MIGRATION_2026_V2\agent_assets\scratch\scratchpad\RH_MIGRATION_2026_copy_2026-02-08__002151\phase_06\runs\phase6b2_knownfolders\2026-02-07__195533\phase_6b_2_summary_02-07-2026.md","08E77280AF384047A02A6E677D127D04C7C0B29E32E2303DE5FF085915A4CC8F","839","2026-02-07T19:55:34-06:00"
"C:\RH\OPS\scratchpad\RH_MIGRATION_2026_copy_2026-02-08__002151\phase_06\runs\phase6b2_knownfolders\2026-02-07__195533\results.md","C:\RH\OPS\PROJECTS\RH_MIGRATION_2026_V2\agent_assets\scratch\scratchpad\RH_MIGRATION_2026_copy_2026-02-08__002151\phase_06\runs\phase6b2_knownfolders\2026-02-07__195533\results.md","C77B6AAD4152479F8373BF8BDF07EE3AE2FD1E5D8320FC75A0CFDF7F9E8B8619","1616","2026-02-07T19:55:34-06:00"
"C:\RH\OPS\scratchpad\RH_MIGRATION_2026_copy_2026-02-08__002151\robocopy_log.txt","C:\RH\OPS\PROJECTS\RH_MIGRATION_2026_V2\agent_assets\scratch\scratchpad\RH_MIGRATION_2026_copy_2026-02-08__002151\robocopy_log.txt","B7171EF62E3F2906907E76A641A5595C50B7136069D975D3F4234EC6D208F742","1221","2026-02-08T00:21:52-06:00"
"C:\RH\OPS\scratchpad\RH_MIGRATION_2026_copy_2026-02-08__002151\trash\5.2RESEARCH_MIGRATE\INPUTS\phase_4_discovery_engine_-_fixed_version_v2_02-06-2026.md","C:\RH\OPS\PROJECTS\RH_MIGRATION_2026_V2\agent_assets\scratch\scratchpad\RH_MIGRATION_2026_copy_2026-02-08__002151\trash\5.2RESEARCH_MIGRATE\INPUTS\phase_4_discovery_engine_-_fixed_version_v2_02-06-2026.md","FCFCD323C672AD2DA70DACA7AB50638AF7DF67F4184D9053F4E9F094050EB382","6737","2026-02-06T13:26:45-06:00"
"C:\RH\OPS\scratchpad\RH_MIGRATION_2026_copy_2026-02-08__002151\trash\5.2RESEARCH_MIGRATE\INPUTS\repos_found.txt","C:\RH\OPS\PROJECTS\RH_MIGRATION_2026_V2\agent_assets\scratch\scratchpad\RH_MIGRATION_2026_copy_2026-02-08__002151\trash\5.2RESEARCH_MIGRATE\INPUTS\repos_found.txt","29F1F21BD9B236B47E1CA40E74507ACDC2A214DAC931DDFEC97E6FFC4102C8B0","536","2026-02-06T04:50:51-06:00"
"C:\RH\OPS\scratchpad\RH_MIGRATION_2026_copy_2026-02-08__002151\trash\5.2RESEARCH_MIGRATE\INPUTS\repos_migrated_phase2.txt","C:\RH\OPS\PROJECTS\RH_MIGRATION_2026_V2\agent_assets\scratch\scratchpad\RH_MIGRATION_2026_copy_2026-02-08__002151\trash\5.2RESEARCH_MIGRATE\INPUTS\repos_migrated_phase2.txt","6D7D4C0BD6214F57A2AC4E73762DB138B15811711CD028E6484341B46A13B4EB","413","2026-02-06T05:00:11-06:00"
"C:\RH\OPS\scratchpad\RH_MIGRATION_2026_copy_2026-02-08__002151\trash\5.2RESEARCH_MIGRATE\INPUTS\RH_MIGRATION_PLAN02-06.txt","C:\RH\OPS\PROJECTS\RH_MIGRATION_2026_V2\agent_assets\scratch\scratchpad\RH_MIGRATION_2026_copy_2026-02-08__002151\trash\5.2RESEARCH_MIGRATE\INPUTS\RH_MIGRATION_PLAN02-06.txt","E3EFBC29968BC75EF00559E58134FF574A95C9D18177EFB099745BEFA035ECF4","20798","2026-02-07T19:13:50-06:00"
"C:\RH\OPS\scratchpad\RH_MIGRATION_2026_copy_2026-02-08__002151\trash\5.2RESEARCH_MIGRATE\INPUTS\RH_TREE_FOLDERS_ONLY.txt","C:\RH\OPS\PROJECTS\RH_MIGRATION_2026_V2\agent_assets\scratch\scratchpad\RH_MIGRATION_2026_copy_2026-02-08__002151\trash\5.2RESEARCH_MIGRATE\INPUTS\RH_TREE_FOLDERS_ONLY.txt","940C2E2336F681555C101AAC1200A26C4E46D1C7D5222DD0D813166636B21B23","77715","2026-02-06T14:52:21-06:00"
"C:\RH\OPS\scratchpad\RH_MIGRATION_2026_copy_2026-02-08__002151\trash\5.2RESEARCH_MIGRATE\INPUTS\SECRETS_SWEEP_2026-02-06_06-02-31.txt","C:\RH\OPS\PROJECTS\RH_MIGRATION_2026_V2\agent_assets\scratch\scratchpad\RH_MIGRATION_2026_copy_2026-02-08__002151\trash\5.2RESEARCH_MIGRATE\INPUTS\SECRETS_SWEEP_2026-02-06_06-02-31.txt","E3B0C44298FC1C149AFBF4C8996FB92427AE41E4649B934CA495991B7852B855","0","2026-02-06T06:02:31-06:00"
"C:\RH\OPS\scratchpad\RH_MIGRATION_2026_copy_2026-02-08__002151\trash\5.2RESEARCH_MIGRATE\INPUTS\terminal .txt","C:\RH\OPS\PROJECTS\RH_MIGRATION_2026_V2\agent_assets\scratch\scratchpad\RH_MIGRATION_2026_copy_2026-02-08__002151\trash\5.2RESEARCH_MIGRATE\INPUTS\terminal .txt","FB56D6AF980E743113CEC1BAF6A4DA722B2964D2AA7AA409406CAA014ADE8A0A","7146","2026-02-06T13:02:57-06:00"
"C:\RH\OPS\scratchpad\RH_MIGRATION_2026_copy_2026-02-08__002151\trash\5.2RESEARCH_MIGRATE\migrate failure 5.2 research debug.txt","C:\RH\OPS\PROJECTS\RH_MIGRATION_2026_V2\agent_assets\scratch\scratchpad\RH_MIGRATION_2026_copy_2026-02-08__002151\trash\5.2RESEARCH_MIGRATE\migrate failure 5.2 research debug.txt","2869C31A629C21B4D08FCAB575AAF426C4AB3B85E770762A63733876BA33F714","41444","2026-02-06T16:10:17-06:00"
"C:\RH\OPS\scratchpad\RH_MIGRATION_2026_copy_2026-02-08__002151\trash\ATTEMPT1_MIGRATION02-06\phase_4_discovery_engine_-_work_unit_reconstruction_system_02-06-2026.md","C:\RH\OPS\PROJECTS\RH_MIGRATION_2026_V2\agent_assets\scratch\scratchpad\RH_MIGRATION_2026_copy_2026-02-08__002151\trash\ATTEMPT1_MIGRATION02-06\phase_4_discovery_engine_-_work_unit_reconstruction_system_02-06-2026.md","D6145B0E7BB1AB47A1B765236EF179CE3332289BE0F8FB3B58D38C42FE8A1C61","9217","2026-02-06T12:39:38-06:00"
"C:\RH\OPS\scratchpad\RH_MIGRATION_2026_copy_2026-02-08__002151\trash\legacy_top_level_pre_phase_layout__2026-02-07__185705\engine\docs\_from_ops_build\phase_4_discovery_engine_-_fixed_version_v2_02-06-2026.md","C:\RH\OPS\PROJECTS\RH_MIGRATION_2026_V2\agent_assets\scratch\scratchpad\RH_MIGRATION_2026_copy_2026-02-08__002151\trash\legacy_top_level_pre_phase_layout__2026-02-07__185705\engine\docs\_from_ops_build\phase_4_discovery_engine_-_fixed_version_v2_02-06-2026.md","FCFCD323C672AD2DA70DACA7AB50638AF7DF67F4184D9053F4E9F094050EB382","6737","2026-02-06T13:26:45-06:00"
"C:\RH\OPS\scratchpad\RH_MIGRATION_2026_copy_2026-02-08__002151\trash\legacy_top_level_pre_phase_layout__2026-02-07__185705\engine\docs\phase_4_discovery_engine_-_fixed_version_v2_02-07-2026.md","C:\RH\OPS\PROJECTS\RH_MIGRATION_2026_V2\agent_assets\scratch\scratchpad\RH_MIGRATION_2026_copy_2026-02-08__002151\trash\legacy_top_level_pre_phase_layout__2026-02-07__185705\engine\docs\phase_4_discovery_engine_-_fixed_version_v2_02-07-2026.md","C3D1BCCF41D8E82C467F9F849EAD748DB6C40FDDD3C2FFF6F5F2362827DD4215","6795","2026-02-07T17:17:58-06:00"
"C:\RH\OPS\scratchpad\RH_MIGRATION_2026_copy_2026-02-08__002151\trash\legacy_top_level_pre_phase_layout__2026-02-07__185705\runs\misc\logs\phase2_cleanup_log_02-07-2026.txt","C:\RH\OPS\PROJECTS\RH_MIGRATION_2026_V2\agent_assets\scratch\scratchpad\RH_MIGRATION_2026_copy_2026-02-08__002151\trash\legacy_top_level_pre_phase_layout__2026-02-07__185705\runs\misc\logs\phase2_cleanup_log_02-07-2026.txt","4433820F30A4CAB926E45A68493D6526E2175DA8653B2479F72AEDD248DC5581","33025","2026-02-07T16:37:46-06:00"
"C:\RH\OPS\scratchpad\RH_MIGRATION_2026_copy_2026-02-08__002151\trash\legacy_top_level_pre_phase_layout__2026-02-07__185705\runs\misc\reports\RH_TREE_FOLDERS_ONLY.txt","C:\RH\OPS\PROJECTS\RH_MIGRATION_2026_V2\agent_assets\scratch\scratchpad\RH_MIGRATION_2026_copy_2026-02-08__002151\trash\legacy_top_level_pre_phase_layout__2026-02-07__185705\runs\misc\reports\RH_TREE_FOLDERS_ONLY.txt","940C2E2336F681555C101AAC1200A26C4E46D1C7D5222DD0D813166636B21B23","77715","2026-02-06T14:50:36-06:00"
"C:\RH\OPS\scratchpad\RH_MIGRATION_2026_copy_2026-02-08__002151\trash\legacy_top_level_pre_phase_layout__2026-02-07__185705\runs\phase4\02-07-2026__041d331b\debug\INVENTORY_DEBUG_02-07-2026__041d331b.txt","C:\RH\OPS\PROJECTS\RH_MIGRATION_2026_V2\agent_assets\scratch\scratchpad\RH_MIGRATION_2026_copy_2026-02-08__002151\trash\legacy_top_level_pre_phase_layout__2026-02-07__185705\runs\phase4\02-07-2026__041d331b\debug\INVENTORY_DEBUG_02-07-2026__041d331b.txt","E3B0C44298FC1C149AFBF4C8996FB92427AE41E4649B934CA495991B7852B855","0","2026-02-07T15:08:25-06:00"
"C:\RH\OPS\scratchpad\RH_MIGRATION_2026_copy_2026-02-08__002151\trash\legacy_top_level_pre_phase_layout__2026-02-07__185705\runs\phase4\02-07-2026__2cac59ae\debug\INVENTORY_DEBUG_02-07-2026__2cac59ae.txt","C:\RH\OPS\PROJECTS\RH_MIGRATION_2026_V2\agent_assets\scratch\scratchpad\RH_MIGRATION_2026_copy_2026-02-08__002151\trash\legacy_top_level_pre_phase_layout__2026-02-07__185705\runs\phase4\02-07-2026__2cac59ae\debug\INVENTORY_DEBUG_02-07-2026__2cac59ae.txt","552DB5FB17AD1300E95BACD1F6ABC6253E6E7C4AC2F02567AA06734C411456F7","9604","2026-02-07T12:29:44-06:00"
"C:\RH\OPS\scratchpad\RH_MIGRATION_2026_copy_2026-02-08__002151\trash\legacy_top_level_pre_phase_layout__2026-02-07__185705\runs\phase4\02-07-2026__33e43dd8\debug\INVENTORY_DEBUG_02-07-2026__33e43dd8.txt","C:\RH\OPS\PROJECTS\RH_MIGRATION_2026_V2\agent_assets\scratch\scratchpad\RH_MIGRATION_2026_copy_2026-02-08__002151\trash\legacy_top_level_pre_phase_layout__2026-02-07__185705\runs\phase4\02-07-2026__33e43dd8\debug\INVENTORY_DEBUG_02-07-2026__33e43dd8.txt","11C5E4F01B25F82B2D9664B1C2FA7F88376C8DF99498DC93554C07F959494BAF","9711","2026-02-07T14:24:27-06:00"
"C:\RH\OPS\scratchpad\RH_MIGRATION_2026_copy_2026-02-08__002151\trash\legacy_top_level_pre_phase_layout__2026-02-07__185705\runs\phase4\02-07-2026__35881b9b\debug\INVENTORY_DEBUG_02-07-2026__35881b9b.txt","C:\RH\OPS\PROJECTS\RH_MIGRATION_2026_V2\agent_assets\scratch\scratchpad\RH_MIGRATION_2026_copy_2026-02-08__002151\trash\legacy_top_level_pre_phase_layout__2026-02-07__185705\runs\phase4\02-07-2026__35881b9b\debug\INVENTORY_DEBUG_02-07-2026__35881b9b.txt","552DB5FB17AD1300E95BACD1F6ABC6253E6E7C4AC2F02567AA06734C411456F7","9604","2026-02-07T13:52:39-06:00"
"C:\RH\OPS\scratchpad\RH_MIGRATION_2026_copy_2026-02-08__002151\trash\legacy_top_level_pre_phase_layout__2026-02-07__185705\runs\phase4\02-07-2026__361984ec\debug\INVENTORY_DEBUG_02-07-2026__361984ec.txt","C:\RH\OPS\PROJECTS\RH_MIGRATION_2026_V2\agent_assets\scratch\scratchpad\RH_MIGRATION_2026_copy_2026-02-08__002151\trash\legacy_top_level_pre_phase_layout__2026-02-07__185705\runs\phase4\02-07-2026__361984ec\debug\INVENTORY_DEBUG_02-07-2026__361984ec.txt","D8930E4CAAF97364A16F6C5CFB693147510F77096ACC23B068A231311E146BC6","107","2026-02-07T12:18:46-06:00"
"C:\RH\OPS\scratchpad\RH_MIGRATION_2026_copy_2026-02-08__002151\trash\legacy_top_level_pre_phase_layout__2026-02-07__185705\runs\phase4\02-07-2026__67c072ac\debug\INVENTORY_DEBUG_02-07-2026__67c072ac.txt","C:\RH\OPS\PROJECTS\RH_MIGRATION_2026_V2\agent_assets\scratch\scratchpad\RH_MIGRATION_2026_copy_2026-02-08__002151\trash\legacy_top_level_pre_phase_layout__2026-02-07__185705\runs\phase4\02-07-2026__67c072ac\debug\INVENTORY_DEBUG_02-07-2026__67c072ac.txt","552DB5FB17AD1300E95BACD1F6ABC6253E6E7C4AC2F02567AA06734C411456F7","9604","2026-02-07T13:55:35-06:00"
"C:\RH\OPS\scratchpad\RH_MIGRATION_2026_copy_2026-02-08__002151\trash\legacy_top_level_pre_phase_layout__2026-02-07__185705\runs\phase4\02-07-2026__84f6673b\notes\PHASE4_EVIDENCE_02-07-2026__84f6673b\PHASE4_SUMMARY_02-07-2026__84f6673b.txt","C:\RH\OPS\PROJECTS\RH_MIGRATION_2026_V2\agent_assets\scratch\scratchpad\RH_MIGRATION_2026_copy_2026-02-08__002151\trash\legacy_top_level_pre_phase_layout__2026-02-07__185705\runs\phase4\02-07-2026__84f6673b\notes\PHASE4_EVIDENCE_02-07-2026__84f6673b\PHASE4_SUMMARY_02-07-2026__84f6673b.txt","5F775E96663AB1BB542F5C8F4920D10F78DA98F6D38C685519A0B23CA3C03BAF","822","2026-02-07T14:25:38-06:00"
"C:\RH\OPS\scratchpad\RH_MIGRATION_2026_copy_2026-02-08__002151\trash\legacy_top_level_pre_phase_layout__2026-02-07__185705\runs\phase4\02-07-2026__84f6673b\summary\PHASE4_SUMMARY_02-07-2026__84f6673b.txt","C:\RH\OPS\PROJECTS\RH_MIGRATION_2026_V2\agent_assets\scratch\scratchpad\RH_MIGRATION_2026_copy_2026-02-08__002151\trash\legacy_top_level_pre_phase_layout__2026-02-07__185705\runs\phase4\02-07-2026__84f6673b\summary\PHASE4_SUMMARY_02-07-2026__84f6673b.txt","5F775E96663AB1BB542F5C8F4920D10F78DA98F6D38C685519A0B23CA3C03BAF","822","2026-02-07T14:25:38-06:00"
"C:\RH\OPS\scratchpad\RH_MIGRATION_2026_copy_2026-02-08__002151\trash\legacy_top_level_pre_phase_layout__2026-02-07__185705\runs\phase4\02-07-2026__8829d4ed\summary\PHASE4_SUMMARY_02-07-2026__8829d4ed.txt","C:\RH\OPS\PROJECTS\RH_MIGRATION_2026_V2\agent_assets\scratch\scratchpad\RH_MIGRATION_2026_copy_2026-02-08__002151\trash\legacy_top_level_pre_phase_layout__2026-02-07__185705\runs\phase4\02-07-2026__8829d4ed\summary\PHASE4_SUMMARY_02-07-2026__8829d4ed.txt","5F775E96663AB1BB542F5C8F4920D10F78DA98F6D38C685519A0B23CA3C03BAF","822","2026-02-07T14:24:40-06:00"
"C:\RH\OPS\scratchpad\RH_MIGRATION_2026_copy_2026-02-08__002151\trash\legacy_top_level_pre_phase_layout__2026-02-07__185705\runs\phase4\02-07-2026__96efc448\summary\PHASE4_SUMMARY_02-07-2026__96efc448.txt","C:\RH\OPS\PROJECTS\RH_MIGRATION_2026_V2\agent_assets\scratch\scratchpad\RH_MIGRATION_2026_copy_2026-02-08__002151\trash\legacy_top_level_pre_phase_layout__2026-02-07__185705\runs\phase4\02-07-2026__96efc448\summary\PHASE4_SUMMARY_02-07-2026__96efc448.txt","5F775E96663AB1BB542F5C8F4920D10F78DA98F6D38C685519A0B23CA3C03BAF","822","2026-02-07T14:57:20-06:00"
"C:\RH\OPS\scratchpad\RH_MIGRATION_2026_copy_2026-02-08__002151\trash\legacy_top_level_pre_phase_layout__2026-02-07__185705\runs\phase4\02-07-2026__9d1fa9f7\debug\INVENTORY_DEBUG_02-07-2026__9d1fa9f7.txt","C:\RH\OPS\PROJECTS\RH_MIGRATION_2026_V2\agent_assets\scratch\scratchpad\RH_MIGRATION_2026_copy_2026-02-08__002151\trash\legacy_top_level_pre_phase_layout__2026-02-07__185705\runs\phase4\02-07-2026__9d1fa9f7\debug\INVENTORY_DEBUG_02-07-2026__9d1fa9f7.txt","11C5E4F01B25F82B2D9664B1C2FA7F88376C8DF99498DC93554C07F959494BAF","9711","2026-02-07T14:57:08-06:00"
"C:\RH\OPS\scratchpad\RH_MIGRATION_2026_copy_2026-02-08__002151\trash\legacy_top_level_pre_phase_layout__2026-02-07__185705\runs\phase4\02-07-2026__9df29122\debug\INVENTORY_DEBUG_02-07-2026__9df29122.txt","C:\RH\OPS\PROJECTS\RH_MIGRATION_2026_V2\agent_assets\scratch\scratchpad\RH_MIGRATION_2026_copy_2026-02-08__002151\trash\legacy_top_level_pre_phase_layout__2026-02-07__185705\runs\phase4\02-07-2026__9df29122\debug\INVENTORY_DEBUG_02-07-2026__9df29122.txt","11C5E4F01B25F82B2D9664B1C2FA7F88376C8DF99498DC93554C07F959494BAF","9711","2026-02-07T14:11:00-06:00"
"C:\RH\OPS\scratchpad\RH_MIGRATION_2026_copy_2026-02-08__002151\trash\legacy_top_level_pre_phase_layout__2026-02-07__185705\runs\phase4\02-07-2026__a2936e97\summary\PHASE4_SUMMARY_02-07-2026__a2936e97.txt","C:\RH\OPS\PROJECTS\RH_MIGRATION_2026_V2\agent_assets\scratch\scratchpad\RH_MIGRATION_2026_copy_2026-02-08__002151\trash\legacy_top_level_pre_phase_layout__2026-02-07__185705\runs\phase4\02-07-2026__a2936e97\summary\PHASE4_SUMMARY_02-07-2026__a2936e97.txt","A6393C420AA67073E53643CBAD2075CD91D78F56738B185D32F94BFEE5F98D72","715","2026-02-07T14:11:11-06:00"
"C:\RH\OPS\scratchpad\RH_MIGRATION_2026_copy_2026-02-08__002151\trash\legacy_top_level_pre_phase_layout__2026-02-07__185705\runs\phase4\02-07-2026__a88c4efd\debug\INVENTORY_DEBUG_02-07-2026__a88c4efd.txt","C:\RH\OPS\PROJECTS\RH_MIGRATION_2026_V2\agent_assets\scratch\scratchpad\RH_MIGRATION_2026_copy_2026-02-08__002151\trash\legacy_top_level_pre_phase_layout__2026-02-07__185705\runs\phase4\02-07-2026__a88c4efd\debug\INVENTORY_DEBUG_02-07-2026__a88c4efd.txt","E3B0C44298FC1C149AFBF4C8996FB92427AE41E4649B934CA495991B7852B855","0","2026-02-07T15:14:58-06:00"
"C:\RH\OPS\scratchpad\RH_MIGRATION_2026_copy_2026-02-08__002151\trash\legacy_top_level_pre_phase_layout__2026-02-07__185705\runs\phase4\02-07-2026__ba341236\summary\PHASE4_SUMMARY_02-07-2026__ba341236.txt","C:\RH\OPS\PROJECTS\RH_MIGRATION_2026_V2\agent_assets\scratch\scratchpad\RH_MIGRATION_2026_copy_2026-02-08__002151\trash\legacy_top_level_pre_phase_layout__2026-02-07__185705\runs\phase4\02-07-2026__ba341236\summary\PHASE4_SUMMARY_02-07-2026__ba341236.txt","03D3CCF000DB0D7EE82C22B09F6CE09C9EC2EC7E56C8A743978849EF6FB716C3","718","2026-02-07T13:52:50-06:00"
"C:\RH\OPS\scratchpad\RH_MIGRATION_2026_copy_2026-02-08__002151\trash\legacy_top_level_pre_phase_layout__2026-02-07__185705\runs\phase4\02-07-2026__c134b779\summary\PHASE4_SUMMARY_02-07-2026__c134b779.txt","C:\RH\OPS\PROJECTS\RH_MIGRATION_2026_V2\agent_assets\scratch\scratchpad\RH_MIGRATION_2026_copy_2026-02-08__002151\trash\legacy_top_level_pre_phase_layout__2026-02-07__185705\runs\phase4\02-07-2026__c134b779\summary\PHASE4_SUMMARY_02-07-2026__c134b779.txt","54A016B1E637129F89CAD5E622DAC1C37396A0EF406F5F0E778B8FA382B2B1AA","794","2026-02-07T15:14:58-06:00"
"C:\RH\OPS\scratchpad\RH_MIGRATION_2026_copy_2026-02-08__002151\trash\legacy_top_level_pre_phase_layout__2026-02-07__185705\runs\phase4\02-07-2026__fce8dc8b\summary\PHASE4_SUMMARY_02-07-2026__fce8dc8b.txt","C:\RH\OPS\PROJECTS\RH_MIGRATION_2026_V2\agent_assets\scratch\scratchpad\RH_MIGRATION_2026_copy_2026-02-08__002151\trash\legacy_top_level_pre_phase_layout__2026-02-07__185705\runs\phase4\02-07-2026__fce8dc8b\summary\PHASE4_SUMMARY_02-07-2026__fce8dc8b.txt","54A016B1E637129F89CAD5E622DAC1C37396A0EF406F5F0E778B8FA382B2B1AA","794","2026-02-07T15:08:26-06:00"
"C:\RH\OPS\scratchpad\RH_MIGRATION_2026_copy_2026-02-08__002151\trash\legacy_top_level_pre_phase_layout__2026-02-07__185705\runs\phase4\02-07-2026__NOHASH\debug\INVENTORY_DEBUG_02-07-2026.txt","C:\RH\OPS\PROJECTS\RH_MIGRATION_2026_V2\agent_assets\scratch\scratchpad\RH_MIGRATION_2026_copy_2026-02-08__002151\trash\legacy_top_level_pre_phase_layout__2026-02-07__185705\runs\phase4\02-07-2026__NOHASH\debug\INVENTORY_DEBUG_02-07-2026.txt","D8930E4CAAF97364A16F6C5CFB693147510F77096ACC23B068A231311E146BC6","107","2026-02-07T12:24:52-06:00"
"C:\RH\OPS\scratchpad\RH_MIGRATION_2026_copy_2026-02-08__002151\trash\legacy_top_level_pre_phase_layout__2026-02-07__185705\runs\phase4\02-07-2026__NOHASH\summary\PHASE4_SUMMARY_02-07-2026.txt","C:\RH\OPS\PROJECTS\RH_MIGRATION_2026_V2\agent_assets\scratch\scratchpad\RH_MIGRATION_2026_copy_2026-02-08__002151\trash\legacy_top_level_pre_phase_layout__2026-02-07__185705\runs\phase4\02-07-2026__NOHASH\summary\PHASE4_SUMMARY_02-07-2026.txt","1BD74B8D5DF62932F5C287FFA14BEB131B3687D59BFD25F3F2A3A95C049BFB89","716","2026-02-07T13:55:47-06:00"
"C:\RH\OPS\scratchpad\RH_MIGRATION_2026_copy_2026-02-08__002151\trash\legacy_top_level_pre_phase_layout__2026-02-07__185705\runs\phase4\2026-02-06__12-57-33\summary\PHASE4_SUMMARY_2026-02-06_12-57-33.txt","C:\RH\OPS\PROJECTS\RH_MIGRATION_2026_V2\agent_assets\scratch\scratchpad\RH_MIGRATION_2026_copy_2026-02-08__002151\trash\legacy_top_level_pre_phase_layout__2026-02-07__185705\runs\phase4\2026-02-06__12-57-33\summary\PHASE4_SUMMARY_2026-02-06_12-57-33.txt","DF6DE037ADCF55FF2B450D64065964ABD8FB1DB7FBE319EE8F2A8716EA291039","5456","2026-02-06T12:57:34-06:00"
"C:\RH\OPS\scratchpad\RH_MIGRATION_2026_copy_2026-02-08__002151\trash\MIGRATED_READONLY_DO_NOT_EDIT.txt","C:\RH\OPS\PROJECTS\RH_MIGRATION_2026_V2\agent_assets\scratch\scratchpad\RH_MIGRATION_2026_copy_2026-02-08__002151\trash\MIGRATED_READONLY_DO_NOT_EDIT.txt","31EC194D9A7F2B23A3B70DAC06BCF775FDB853355AD1E5EB51357B4BD0658413","235","2026-02-07T20:26:04-06:00"
"C:\RH\OPS\scratchpad\RH_MIGRATION_2026_copy_2026-02-08__002151\trash\UNSORTED\5.2RESEARCH_MIGRATE\INPUTS\phase_4_discovery_engine_-_fixed_version_v2_02-06-2026.md","C:\RH\OPS\PROJECTS\RH_MIGRATION_2026_V2\agent_assets\scratch\scratchpad\RH_MIGRATION_2026_copy_2026-02-08__002151\trash\UNSORTED\5.2RESEARCH_MIGRATE\INPUTS\phase_4_discovery_engine_-_fixed_version_v2_02-06-2026.md","FCFCD323C672AD2DA70DACA7AB50638AF7DF67F4184D9053F4E9F094050EB382","6737","2026-02-06T13:26:45-06:00"
"C:\RH\OPS\scratchpad\RH_MIGRATION_2026_copy_2026-02-08__002151\trash\UNSORTED\5.2RESEARCH_MIGRATE\INPUTS\repos_found.txt","C:\RH\OPS\PROJECTS\RH_MIGRATION_2026_V2\agent_assets\scratch\scratchpad\RH_MIGRATION_2026_copy_2026-02-08__002151\trash\UNSORTED\5.2RESEARCH_MIGRATE\INPUTS\repos_found.txt","29F1F21BD9B236B47E1CA40E74507ACDC2A214DAC931DDFEC97E6FFC4102C8B0","536","2026-02-06T04:50:51-06:00"
"C:\RH\OPS\scratchpad\RH_MIGRATION_2026_copy_2026-02-08__002151\trash\UNSORTED\5.2RESEARCH_MIGRATE\INPUTS\RH_MIGRATION_PLAN02-06.txt","C:\RH\OPS\PROJECTS\RH_MIGRATION_2026_V2\agent_assets\scratch\scratchpad\RH_MIGRATION_2026_copy_2026-02-08__002151\trash\UNSORTED\5.2RESEARCH_MIGRATE\INPUTS\RH_MIGRATION_PLAN02-06.txt","E3EFBC29968BC75EF00559E58134FF574A95C9D18177EFB099745BEFA035ECF4","20798","2026-02-07T19:13:50-06:00"
"C:\RH\OPS\scratchpad\RH_MIGRATION_2026_copy_2026-02-08__002151\trash\UNSORTED\5.2RESEARCH_MIGRATE\INPUTS\RH_TREE_FOLDERS_ONLY.txt","C:\RH\OPS\PROJECTS\RH_MIGRATION_2026_V2\agent_assets\scratch\scratchpad\RH_MIGRATION_2026_copy_2026-02-08__002151\trash\UNSORTED\5.2RESEARCH_MIGRATE\INPUTS\RH_TREE_FOLDERS_ONLY.txt","940C2E2336F681555C101AAC1200A26C4E46D1C7D5222DD0D813166636B21B23","77715","2026-02-06T14:52:21-06:00"
"C:\RH\OPS\scratchpad\RH_MIGRATION_2026_copy_2026-02-08__002151\trash\UNSORTED\5.2RESEARCH_MIGRATE\INPUTS\SECRETS_SWEEP_2026-02-06_06-02-31.txt","C:\RH\OPS\PROJECTS\RH_MIGRATION_2026_V2\agent_assets\scratch\scratchpad\RH_MIGRATION_2026_copy_2026-02-08__002151\trash\UNSORTED\5.2RESEARCH_MIGRATE\INPUTS\SECRETS_SWEEP_2026-02-06_06-02-31.txt","E3B0C44298FC1C149AFBF4C8996FB92427AE41E4649B934CA495991B7852B855","0","2026-02-06T06:02:31-06:00"
"C:\RH\OPS\scratchpad\RH_MIGRATION_2026_copy_2026-02-08__002151\trash\UNSORTED\5.2RESEARCH_MIGRATE\INPUTS\terminal .txt","C:\RH\OPS\PROJECTS\RH_MIGRATION_2026_V2\agent_assets\scratch\scratchpad\RH_MIGRATION_2026_copy_2026-02-08__002151\trash\UNSORTED\5.2RESEARCH_MIGRATE\INPUTS\terminal .txt","FB56D6AF980E743113CEC1BAF6A4DA722B2964D2AA7AA409406CAA014ADE8A0A","7146","2026-02-06T13:02:57-06:00"
"C:\RH\OPS\scratchpad\RH_MIGRATION_2026_copy_2026-02-08__002151\trash\UNSORTED\5.2RESEARCH_MIGRATE\migrate failure 5.2 research debug.txt","C:\RH\OPS\PROJECTS\RH_MIGRATION_2026_V2\agent_assets\scratch\scratchpad\RH_MIGRATION_2026_copy_2026-02-08__002151\trash\UNSORTED\5.2RESEARCH_MIGRATE\migrate failure 5.2 research debug.txt","2869C31A629C21B4D08FCAB575AAF426C4AB3B85E770762A63733876BA33F714","41444","2026-02-06T16:10:17-06:00"
"C:\RH\OPS\scratchpad\RH_MIGRATION_2026_copy_2026-02-08__002151\trash\UNSORTED\ATTEMPT1_MIGRATION02-06\phase_4_discovery_engine_-_work_unit_reconstruction_system_02-06-2026.md","C:\RH\OPS\PROJECTS\RH_MIGRATION_2026_V2\agent_assets\scratch\scratchpad\RH_MIGRATION_2026_copy_2026-02-08__002151\trash\UNSORTED\ATTEMPT1_MIGRATION02-06\phase_4_discovery_engine_-_work_unit_reconstruction_system_02-06-2026.md","D6145B0E7BB1AB47A1B765236EF179CE3332289BE0F8FB3B58D38C42FE8A1C61","9217","2026-02-06T12:39:38-06:00"
"C:\RH\OPS\scratchpad\RH_MIGRATION_2026_copy_2026-02-08__002151\trash\UNSORTED\legacy_top_level_pre_phase_layout__2026-02-07__185705\engine\docs\_from_ops_build\phase_4_discovery_engine_-_fixed_version_v2_02-06-2026.md","C:\RH\OPS\PROJECTS\RH_MIGRATION_2026_V2\agent_assets\scratch\scratchpad\RH_MIGRATION_2026_copy_2026-02-08__002151\trash\UNSORTED\legacy_top_level_pre_phase_layout__2026-02-07__185705\engine\docs\_from_ops_build\phase_4_discovery_engine_-_fixed_version_v2_02-06-2026.md","FCFCD323C672AD2DA70DACA7AB50638AF7DF67F4184D9053F4E9F094050EB382","6737","2026-02-06T13:26:45-06:00"
"C:\RH\OPS\scratchpad\RH_MIGRATION_2026_copy_2026-02-08__002151\trash\UNSORTED\legacy_top_level_pre_phase_layout__2026-02-07__185705\engine\docs\phase_4_discovery_engine_-_fixed_version_v2_02-07-2026.md","C:\RH\OPS\PROJECTS\RH_MIGRATION_2026_V2\agent_assets\scratch\scratchpad\RH_MIGRATION_2026_copy_2026-02-08__002151\trash\UNSORTED\legacy_top_level_pre_phase_layout__2026-02-07__185705\engine\docs\phase_4_discovery_engine_-_fixed_version_v2_02-07-2026.md","C3D1BCCF41D8E82C467F9F849EAD748DB6C40FDDD3C2FFF6F5F2362827DD4215","6795","2026-02-07T17:17:58-06:00"
"C:\RH\OPS\scratchpad\RH_MIGRATION_2026_copy_2026-02-08__002151\trash\UNSORTED\legacy_top_level_pre_phase_layout__2026-02-07__185705\runs\misc\logs\phase2_cleanup_log_02-07-2026.txt","C:\RH\OPS\PROJECTS\RH_MIGRATION_2026_V2\agent_assets\scratch\scratchpad\RH_MIGRATION_2026_copy_2026-02-08__002151\trash\UNSORTED\legacy_top_level_pre_phase_layout__2026-02-07__185705\runs\misc\logs\phase2_cleanup_log_02-07-2026.txt","4433820F30A4CAB926E45A68493D6526E2175DA8653B2479F72AEDD248DC5581","33025","2026-02-07T16:37:46-06:00"
"C:\RH\OPS\scratchpad\RH_MIGRATION_2026_copy_2026-02-08__002151\trash\UNSORTED\legacy_top_level_pre_phase_layout__2026-02-07__185705\runs\misc\reports\RH_TREE_FOLDERS_ONLY.txt","C:\RH\OPS\PROJECTS\RH_MIGRATION_2026_V2\agent_assets\scratch\scratchpad\RH_MIGRATION_2026_copy_2026-02-08__002151\trash\UNSORTED\legacy_top_level_pre_phase_layout__2026-02-07__185705\runs\misc\reports\RH_TREE_FOLDERS_ONLY.txt","940C2E2336F681555C101AAC1200A26C4E46D1C7D5222DD0D813166636B21B23","77715","2026-02-06T14:50:36-06:00"
"C:\RH\OPS\scratchpad\Untitled.txt","C:\RH\OPS\PROJECTS\RH_MIGRATION_2026_V2\agent_assets\scratch\scratchpad\Untitled.txt","6F6D296E765BB13E0BFD01124F2FF677D9236BD5E509812A7E7E064ADAC3EAB9","722940","2026-02-08T23:57:36-06:00"
"C:\RH\OPS\STAGING\OPS__INBOX\INBOX_MOVED_02-07-2026.txt","C:\RH\OPS\PROJECTS\RH_MIGRATION_2026_V2\agent_assets\scratch\STAGING\OPS__INBOX\INBOX_MOVED_02-07-2026.txt","1D593A201D63990CD8BA504B298C57F259384618AC24BB1D6DCA7D5CF089B1E9","55","2026-02-07T19:13:52-06:00"
"C:\RH\OPS\STAGING\OPS__INBOX\rh_tree_full_02-07-2026.txt","C:\RH\OPS\PROJECTS\RH_MIGRATION_2026_V2\agent_assets\scratch\STAGING\OPS__INBOX\rh_tree_full_02-07-2026.txt","15671DF8DA870F6AA5CA2541C0466045077724AEDE5B9EBFE2E8005974389BF1","689619","2026-02-07T22:51:39-06:00"
